filename,orientation,si_axis_true,axis_mismatch,recorded_shape_z,true_shape_z,recorded_extent_z_mm,true_extent_z_mm,recorded_fov,true_fov
20251028003-1.nii.gz,LPS,2,False,80,80,400.0,400.0,extended,extended
20251028006-1.nii.gz,LPS,2,False,72,72,360.0,360.0,abdomen-only,abdomen-only
20251028008-1.nii.gz,LPS,2,False,106,106,530.0,530.0,extended,extended
20251028010-1.nii.gz,LPS,2,False,85,85,425.0,425.0,extended,extended
20251028013-1.nii.gz,LPS,2,False,63,63,508.0645,508.0645,extended,extended
20251028015-1.nii.gz,LPS,2,False,95,95,475.0,475.0,extended,extended
20251028023-1.nii.gz,LPS,2,False,51,51,530.39996,530.39996,extended,extended
20251028025-1.nii.gz,LPS,2,False,40,40,420.51282,420.51282,extended,extended
20251028027-1.nii.gz,LPS,2,False,79,79,476.02563,476.02563,extended,extended
20251028030-1.nii.gz,LPS,2,False,79,79,526.6666,526.6666,extended,extended
20251028031-1.nii.gz,LPS,2,False,103,103,515.0,515.0,extended,extended
20251028032-1.nii.gz,LPI,2,False,91,91,455.0,455.0,extended,extended
20251028034-1.nii.gz,LPS,2,False,41,41,599.6253,599.6253,extended,extended
20251028036-1.nii.gz,LPS,2,False,43,43,578.4524,578.4524,extended,extended
20251028039-1.nii.gz,LPS,2,False,46,46,552.0,552.0,extended,extended
20251028051-1.nii.gz,LPS,2,False,108,108,545.04675,545.04675,extended,extended
20251028054-1.nii.gz,LPS,2,False,109,109,671.1574,671.1574,extended,extended
20251028055-1.nii.gz,LPS,2,False,107,107,535.0,535.0,extended,extended
20251028056-1.nii.gz,LPS,2,False,102,102,510.0,510.0,extended,extended
20251028058-1.nii.gz,LPS,2,False,86,86,430.0,430.0,extended,extended
20251028059-1.nii.gz,LPS,2,False,90,90,450.0,450.0,extended,extended
20251028060-1.nii.gz,LPS,2,False,89,89,445.0,445.0,extended,extended
20251028063-1.nii.gz,LPS,2,False,88,88,440.0,440.0,extended,extended
20251028065-1.nii.gz,LPI,2,False,104,104,520.0,520.0,extended,extended
20251028066-1.nii.gz,LPS,2,False,113,113,565.0,565.0,extended,extended
20251028076-1.nii.gz,LPS,2,False,82,82,410.0,410.0,extended,extended
20251028077-1.nii.gz,LPS,2,False,124,124,620.0,620.0,extended,extended
20251028083-1.nii.gz,LPS,2,False,107,107,535.0,535.0,extended,extended
20251028084-1.nii.gz,LPI,2,False,53,53,265.0,265.0,abdomen-only,abdomen-only
20251028086-1.nii.gz,LIP,1,True,48,692,240.0,484.4,abdomen-only,extended
20251028092-1.nii.gz,LPI,2,False,107,107,535.0,535.0,extended,extended
20251028099-2.nii.gz,LPS,2,False,104,104,520.0,520.0,extended,extended
20251028100-1.nii.gz,LIP,1,True,39,638,210.39473,510.4,abdomen-only,extended
20251028104-1.nii.gz,LPS,2,False,77,77,385.0,385.0,extended,extended
20251028105-1.nii.gz,LIP,1,True,50,512,250.0,452.11523,abdomen-only,extended
20251028116-1.nii.gz,LPS,2,False,97,97,485.0,485.0,extended,extended
20251028120-1.nii.gz,LIP,1,True,38,664,190.0,466.10196,abdomen-only,extended
20251028123-1.nii.gz,LPI,2,False,84,84,521.20483,521.20483,extended,extended
20251028127-1.nii.gz,LPS,2,False,103,103,515.0,515.0,extended,extended
20251028128-1.nii.gz,LIP,1,True,42,928,210.0,650.0006,abdomen-only,extended
20251028132-1.nii.gz,LIP,1,True,46,742,230.0,539.19995,abdomen-only,extended
20251028135-1.nii.gz,LPS,2,False,34,34,515.1515,515.1515,extended,extended
20251028137-1.nii.gz,LPI,2,False,108,108,540.0,540.0,extended,extended
20251028139-1.nii.gz,LPS,2,False,81,81,405.0,405.0,extended,extended
20251028140-1.nii.gz,LAS,2,False,121,121,605.0,605.0,extended,extended
20251028142-1.nii.gz,LPI,2,False,111,111,555.0,555.0,extended,extended
20251028143-1.nii.gz,LPI,2,False,37,37,185.0,185.0,abdomen-only,abdomen-only
20251028146-1.nii.gz,LPI,2,False,113,113,565.0,565.0,extended,extended
20251028154-1.nii.gz,LAS,2,False,106,106,530.0,530.0,extended,extended
20251028157-1.nii.gz,LIP,1,True,43,512,215.0,504.61252,abdomen-only,extended
20251028160-1.nii.gz,LPI,2,False,97,97,485.0,485.0,extended,extended
20251028163-1.nii.gz,LAS,2,False,128,128,640.0,640.0,extended,extended
20251028164-1.nii.gz,LPS,2,False,105,105,525.0,525.0,extended,extended
20251028169-1.nii.gz,LIP,1,True,45,718,225.0,574.4,abdomen-only,extended
20251028174-1.nii.gz,LPS,2,False,116,116,580.0,580.0,extended,extended
20251028176-1.nii.gz,PIR,1,True,57,512,285.0,498.84567,abdomen-only,extended
20251028179-1.nii.gz,LPS,2,False,100,100,500.0,500.0,extended,extended
20251028181-1.nii.gz,LAS,2,False,61,61,305.0,305.0,abdomen-only,abdomen-only
20251028182-1.nii.gz,LIP,1,True,38,682,190.0,454.3,abdomen-only,extended
20251028185-1.nii.gz,LPS,2,False,115,115,595.1754,595.1754,extended,extended
20251028189-1.nii.gz,LPI,2,False,128,128,640.0,640.0,extended,extended
20251028193-1.nii.gz,LIP,1,True,55,856,275.0,599.2,abdomen-only,extended
20251028197-1.nii.gz,LPS,2,False,115,115,575.0,575.0,extended,extended
20251028201-1.nii.gz,LIP,1,True,47,512,235.0,564.4953,abdomen-only,extended
20251028206-1.nii.gz,LIP,1,True,44,798,220.0,559.3,abdomen-only,extended
20251028208-1.nii.gz,LPI,2,False,96,96,480.0,480.0,extended,extended
20251028209-1.nii.gz,LPI,2,False,48,48,240.0,240.0,abdomen-only,abdomen-only
20251028211-1.nii.gz,LAS,2,False,111,111,555.0,555.0,extended,extended
20251028212-1.nii.gz,LPS,2,False,99,99,495.0,495.0,extended,extended
20251028219-1.nii.gz,LPS,2,False,106,106,530.0,530.0,extended,extended
20251028228-1.nii.gz,LAS,2,False,104,104,520.0,520.0,extended,extended
20251028234-1.nii.gz,LPS,2,False,99,99,495.0,495.0,extended,extended
20251028237-1.nii.gz,LPS,2,False,61,61,305.0,305.0,abdomen-only,abdomen-only
20251028239-1.nii.gz,LAS,2,False,118,118,590.0,590.0,extended,extended
20251028240-1.nii.gz,LIP,1,True,45,512,225.0,499.02347,abdomen-only,extended
20251028243-1.nii.gz,LPS,2,False,104,104,520.0,520.0,extended,extended
20251028245-1.nii.gz,LPS,2,False,108,108,540.0,540.0,extended,extended
20251028247-1.nii.gz,LPS,2,False,111,111,555.0,555.0,extended,extended
20251028248-1.nii.gz,LPI,2,False,105,105,525.0,525.0,extended,extended
20251028252-1.nii.gz,LAS,2,False,102,102,510.0,510.0,extended,extended
20251028260-1.nii.gz,LIP,1,True,48,806,240.0,564.2,abdomen-only,extended
20251028263-1.nii.gz,LAS,2,False,103,103,513.1823,513.1823,extended,extended
20251028264-1.nii.gz,LPS,2,False,112,112,560.0,560.0,extended,extended
20251028267-1.nii.gz,LPS,2,False,98,98,490.0,490.0,extended,extended
20251028268-1.nii.gz,LPS,2,False,104,104,520.0,520.0,extended,extended
20251028269-1.nii.gz,LIP,1,True,54,512,216.0,368.0,abdomen-only,abdomen-only
20251028270-1.nii.gz,LPI,2,False,105,105,525.0,525.0,extended,extended
20251028273-1.nii.gz,LIP,1,True,39,572,195.0,457.6,abdomen-only,extended
20251028275-1.nii.gz,LPS,2,False,51,51,255.0,255.0,abdomen-only,abdomen-only
20251028275-2.nii.gz,LPS,2,False,113,113,565.0,565.0,extended,extended
20251028279-1.nii.gz,LPS,2,False,65,65,325.0,325.0,abdomen-only,abdomen-only
20251028286-1.nii.gz,LPS,2,False,95,95,475.0,475.0,extended,extended
20251028287-1.nii.gz,LPS,2,False,106,106,530.0,530.0,extended,extended
20251028288-1.nii.gz,LPI,2,False,102,102,510.0,510.0,extended,extended
20251028289-1.nii.gz,LPI,2,False,124,124,620.0,620.0,extended,extended
20251028290-1.nii.gz,LPS,2,False,85,85,511.0119,511.0119,extended,extended
20251028293-1.nii.gz,LIP,1,True,50,512,250.0,499.8219,abdomen-only,extended
20251028298-1.nii.gz,LAS,2,False,116,116,580.0,580.0,extended,extended
20251028299-1.nii.gz,LPS,2,False,100,100,590.9091,590.9091,extended,extended
20251028300-1.nii.gz,LPS,2,False,88,88,440.0,440.0,extended,extended
20251028304-1.nii.gz,LPS,2,False,104,104,520.0,520.0,extended,extended
20251028307-1.nii.gz,LPS,2,False,51,51,255.0,255.0,abdomen-only,abdomen-only
20251028308-1.nii.gz,LPI,2,False,47,47,235.0,235.0,abdomen-only,abdomen-only
20251028309-1.nii.gz,LIP,1,True,42,630,210.0,504.8,abdomen-only,extended
20251028311-1.nii.gz,LPI,2,False,109,109,545.0,545.0,extended,extended
20251028313-1.nii.gz,LPS,2,False,110,110,550.0,550.0,extended,extended
20251028314-1.nii.gz,LPS,2,False,128,128,640.0,640.0,extended,extended
20251028315-1.nii.gz,LAS,2,False,109,109,545.0,545.0,extended,extended
20251028319-1.nii.gz,LPI,2,False,107,107,535.0,535.0,extended,extended
20251028321-1.nii.gz,LPS,2,False,115,115,575.0,575.0,extended,extended
20251028322-1.nii.gz,LIP,1,True,47,512,235.0,554.11566,abdomen-only,extended
20251028325-1.nii.gz,LAS,2,False,117,117,585.0,585.0,extended,extended
20251028327-1.nii.gz,LIP,1,True,41,512,205.0,524.5734,abdomen-only,extended
20251028329-1.nii.gz,LIP,1,True,44,512,220.0,524.5734,abdomen-only,extended
20251028330-1.nii.gz,LIP,1,True,44,512,220.0,620.386,abdomen-only,extended
20251028332-1.nii.gz,LPS,2,False,83,83,415.0,415.0,extended,extended
20251028334-1.nii.gz,LPI,2,False,100,100,500.0,500.0,extended,extended
20251028335-1.nii.gz,LAS,2,False,105,105,525.0,525.0,extended,extended
20251028336-1.nii.gz,LPS,2,False,110,110,550.0,550.0,extended,extended
20251028337-1.nii.gz,LPS,2,False,93,93,465.0,465.0,extended,extended
20251028338-1.nii.gz,LPS,2,False,93,93,465.0,465.0,extended,extended
20251028340-1.nii.gz,LPI,2,False,111,111,555.0,555.0,extended,extended
20251028342-1.nii.gz,PIR,1,True,63,512,315.0,459.00177,abdomen-only,extended
20251028343-1.nii.gz,LPI,2,False,95,95,475.0,475.0,extended,extended
20251028344-1.nii.gz,LPS,2,False,100,100,500.0,500.0,extended,extended
20251028347-1.nii.gz,LAS,2,False,94,94,470.0,470.0,extended,extended
20251028350-1.nii.gz,LPI,2,False,122,122,610.0,610.0,extended,extended
20251028351-1.nii.gz,LAS,2,False,112,112,560.0,560.0,extended,extended
20251028352-1.nii.gz,LPI,2,False,100,100,500.0,500.0,extended,extended
20251028355-1.nii.gz,LPS,2,False,137,137,685.0,685.0,extended,extended
20251028358-1.nii.gz,LAS,2,False,84,84,420.0,420.0,extended,extended
20251028359-1.nii.gz,LPS,2,False,43,43,215.0,215.0,abdomen-only,abdomen-only
20251028360-1.nii.gz,LPS,2,False,110,110,550.0,550.0,extended,extended
20251028362-1.nii.gz,LAS,2,False,118,118,590.0,590.0,extended,extended
20251028366-1.nii.gz,LAS,2,False,114,114,570.0,570.0,extended,extended
20251028366-2.nii.gz,LIP,1,True,37,756,185.0,529.2,abdomen-only,extended
20251028367-1.nii.gz,LPS,2,False,136,136,544.0,544.0,extended,extended
20251028370-1.nii.gz,LPS,2,False,118,118,590.0,590.0,extended,extended
20251028371-1.nii.gz,LPS,2,False,96,96,480.0,480.0,extended,extended
20251028373-1.nii.gz,LPS,2,False,93,93,465.0,465.0,extended,extended
20251028376-1.nii.gz,LIP,1,True,58,714,290.0,571.98175,abdomen-only,extended
20251028387-1.nii.gz,LPS,2,False,100,100,500.0,500.0,extended,extended
20251028388-1.nii.gz,LPS,2,False,102,102,510.0,510.0,extended,extended
20251028389-1.nii.gz,LAS,2,False,100,100,500.0,500.0,extended,extended
20251028394-1.nii.gz,LIP,1,True,47,828,235.0,579.6,abdomen-only,extended
20251028001-1.nii.gz,LAS,2,False,111,111,555.0,555.0,extended,extended
20251028002-1.nii.gz,LAS,2,False,94,94,470.0,470.0,extended,extended
20251028004-1.nii.gz,LAS,2,False,101,101,505.0,505.0,extended,extended
20251028005-1.nii.gz,LAS,2,False,51,51,255.0,255.0,abdomen-only,abdomen-only
20251028009-1.nii.gz,LAS,2,False,106,106,530.0,530.0,extended,extended
20251028011-1.nii.gz,LAS,2,False,51,51,255.0,255.0,abdomen-only,abdomen-only
20251028012-1.nii.gz,LAS,2,False,108,108,540.0,540.0,extended,extended
20251028014-1.nii.gz,LAS,2,False,125,125,625.0,625.0,extended,extended
20251028016-1.nii.gz,LAS,2,False,118,118,590.0,590.0,extended,extended
20251028016-2.nii.gz,LAS,2,False,117,117,585.0,585.0,extended,extended
20251028017-1.nii.gz,LPS,2,False,80,80,400.0,400.0,extended,extended
20251028018-1.nii.gz,LAS,2,False,116,116,580.0,580.0,extended,extended
20251028019-1.nii.gz,LAS,2,False,34,34,170.0,170.0,abdomen-only,abdomen-only
20251028020-1.nii.gz,LAS,2,False,114,114,570.0,570.0,extended,extended
20251028021-1.nii.gz,LAS,2,False,512,512,569.28595,569.28595,extended,extended
20251028023-2.nii.gz,LAS,2,False,103,103,515.0,515.0,extended,extended
20251028028-1.nii.gz,LAS,2,False,86,86,430.0,430.0,extended,extended
20251028029-1.nii.gz,LPS,2,False,92,92,460.0,460.0,extended,extended
20251028033-1.nii.gz,LPS,2,False,128,128,512.0,512.0,extended,extended
20251028037-1.nii.gz,LPI,2,False,92,92,460.0,460.0,extended,extended
20251028038-1.nii.gz,LIP,1,True,55,834,275.0,584.5,abdomen-only,extended
20251028040-1.nii.gz,LPS,2,False,92,92,460.0,460.0,extended,extended
20251028041-1.nii.gz,LIP,1,True,47,662,235.0,495.19684,abdomen-only,extended
20251028042-1.nii.gz,LPI,2,False,115,115,580.0438,580.0438,extended,extended
20251028043-1.nii.gz,LIP,1,True,44,512,220.0,489.4422,abdomen-only,extended
20251028044-1.nii.gz,LPI,2,False,103,103,545.29407,545.29407,extended,extended
20251028044-2.nii.gz,LIP,1,True,45,512,235.22726,549.325,abdomen-only,extended
20251028045-1.nii.gz,LPS,2,False,89,89,445.0,445.0,extended,extended
20251028046-1.nii.gz,LPI,2,False,101,101,505.0,505.0,extended,extended
20251028047-1.nii.gz,LPS,2,False,98,98,490.0,490.0,extended,extended
20251028048-1.nii.gz,LPS,2,False,104,104,560.38837,560.38837,extended,extended
20251028049-1.nii.gz,LPS,2,False,123,123,615.0,615.0,extended,extended
20251028050-1.nii.gz,LPI,2,False,103,103,515.0,515.0,extended,extended
20251028050-2.nii.gz,LAS,2,False,111,111,552.37634,552.37634,extended,extended
20251028052-1.nii.gz,LPI,2,False,30,30,150.0,150.0,abdomen-only,abdomen-only
20251028053-1.nii.gz,LPS,2,False,121,121,605.0,605.0,extended,extended
20251028057-1.nii.gz,LIP,1,True,40,724,200.0,490.00003,abdomen-only,extended
20251028061-1.nii.gz,LIP,1,True,48,746,240.0,522.6005,abdomen-only,extended
20251028062-1.nii.gz,LPS,2,False,102,102,510.0,510.0,extended,extended
20251028064-1.nii.gz,LPS,2,False,103,103,515.0,515.0,extended,extended
20251028067-1.nii.gz,LPS,2,False,61,61,305.0,305.0,abdomen-only,abdomen-only
20251028068-1.nii.gz,LPS,2,False,95,95,475.0,475.0,extended,extended
20251028069-1.nii.gz,LPI,2,False,105,105,525.0,525.0,extended,extended
20251028070-1.nii.gz,LIP,1,True,37,672,190.13889,446.39667,abdomen-only,extended
20251028071-1.nii.gz,LPI,2,False,52,52,260.0,260.0,abdomen-only,abdomen-only
20251028073-1.nii.gz,LAS,2,False,103,103,515.0,515.0,extended,extended
20251028074-1.nii.gz,LPS,2,False,111,111,555.0,555.0,extended,extended
20251028075-1.nii.gz,LPS,2,False,115,115,569.755,569.755,extended,extended
20251028078-1.nii.gz,LPS,2,False,89,89,515.7955,515.7955,extended,extended
20251028080-1.nii.gz,LAS,2,False,100,100,500.0,500.0,extended,extended
20251028081-1.nii.gz,LPS,2,False,96,96,480.0,480.0,extended,extended
20251028082-1.nii.gz,LPS,2,False,116,116,580.0,580.0,extended,extended
20251028087-1.nii.gz,LPI,2,False,112,112,560.00006,560.00006,extended,extended
20251028088-1.nii.gz,LIP,1,True,48,512,240.0,509.40314,abdomen-only,extended
20251028089-1.nii.gz,LPI,2,False,103,103,515.0,515.0,extended,extended
20251028090-1.nii.gz,LPI,2,False,110,110,550.0,550.0,extended,extended
20251028091-1.nii.gz,LPS,2,False,97,97,485.0,485.0,extended,extended
20251028094-1.nii.gz,LAS,2,False,93,93,465.0,465.0,extended,extended
20251028095-1.nii.gz,LIP,1,True,45,790,225.0,631.8006,abdomen-only,extended
20251028096-1.nii.gz,LAS,2,False,120,120,600.0,600.0,extended,extended
20251028097-1.nii.gz,LPS,2,False,86,86,430.0,430.0,extended,extended
20251028098-1.nii.gz,LIP,1,True,51,692,255.0,484.4,abdomen-only,extended
20251028099-1.nii.gz,LPI,2,False,107,107,535.0,535.0,extended,extended
20251028101-1.nii.gz,LIP,1,True,52,512,260.0,529.3641,abdomen-only,extended
20251028102-1.nii.gz,LAS,2,False,43,43,215.0,215.0,abdomen-only,abdomen-only
20251028103-1.nii.gz,LPS,2,False,112,112,560.0,560.0,extended,extended
20251028106-1.nii.gz,LPS,2,False,111,111,555.0,555.0,extended,extended
20251028107-1.nii.gz,LPS,2,False,103,103,515.0,515.0,extended,extended
20251028109-1.nii.gz,LIP,1,True,40,744,200.0,499.09998,abdomen-only,extended
20251028110-1.nii.gz,LPS,2,False,92,92,460.0,460.0,extended,extended
20251028111-1.nii.gz,LIP,1,True,44,512,220.0,499.02344,abdomen-only,extended
20251028112-1.nii.gz,LPS,2,False,91,91,455.0,455.0,extended,extended
20251028113-1.nii.gz,LPS,2,False,74,74,370.0,370.0,abdomen-only,abdomen-only
20251028114-1.nii.gz,LIP,1,True,35,686,175.0,449.4,abdomen-only,extended
20251028115-1.nii.gz,LIP,1,True,58,806,290.0,565.50055,abdomen-only,extended
20251028117-1.nii.gz,LPS,2,False,105,105,530.0481,530.0481,extended,extended
20251028118-1.nii.gz,LPI,2,False,99,99,495.0,495.0,extended,extended
20251028119-1.nii.gz,LIP,1,True,45,758,225.0,525.26965,abdomen-only,extended
20251028121-1.nii.gz,LAS,2,False,44,44,220.0,220.0,abdomen-only,abdomen-only
20251028122-1.nii.gz,LPS,2,False,31,31,155.0,155.0,abdomen-only,abdomen-only
20251028125-1.nii.gz,LIP,1,True,41,512,205.0,494.23282,abdomen-only,extended
20251028126-1.nii.gz,LIP,1,True,43,664,215.0,464.8,abdomen-only,extended
20251028129-1.nii.gz,LAS,2,False,111,111,555.0,555.0,extended,extended
20251028130-1.nii.gz,LPS,2,False,87,87,435.0,435.0,extended,extended
20251028131-1.nii.gz,LPS,2,False,105,105,525.0,525.0,extended,extended
20251028133-1.nii.gz,LPS,2,False,104,104,520.0,520.0,extended,extended
20251028134-1.nii.gz,LAS,2,False,110,110,550.0,550.0,extended,extended
20251028136-1.nii.gz,LPI,2,False,108,108,540.0,540.0,extended,extended
20251028138-1.nii.gz,LPI,2,False,93,93,465.0,465.0,extended,extended
20251028141-1.nii.gz,LPI,2,False,109,109,545.0,545.0,extended,extended
20251028144-1.nii.gz,LPI,2,False,110,110,550.0,550.0,extended,extended
20251028145-1.nii.gz,LAS,2,False,115,115,575.0,575.0,extended,extended
20251028147-1.nii.gz,LIP,1,True,49,512,245.0,524.5735,abdomen-only,extended
20251028150-1.nii.gz,LAS,2,False,97,97,485.0,485.0,extended,extended
20251028151-1.nii.gz,LPI,2,False,113,113,565.0,565.0,extended,extended
20251028152-1.nii.gz,LIP,1,True,50,720,250.0,504.69998,abdomen-only,extended
20251028153-1.nii.gz,LPS,2,False,35,35,175.0,175.0,abdomen-only,abdomen-only
20251028155-1.nii.gz,LPS,2,False,105,105,525.0,525.0,extended,extended
20251028156-1.nii.gz,LPS,2,False,59,59,295.0,295.0,abdomen-only,abdomen-only
20251028158-1.nii.gz,LAS,2,False,102,102,510.0,510.0,extended,extended
20251028159-1.nii.gz,LIP,1,True,39,672,195.0,459.19995,abdomen-only,extended
20251028162-1.nii.gz,LPS,2,False,112,112,560.0,560.0,extended,extended
20251028166-1.nii.gz,LIP,1,True,39,788,195.0,534.2351,abdomen-only,extended
20251028167-1.nii.gz,LIP,1,True,45,722,225.0,505.9609,abdomen-only,extended
20251028168-1.nii.gz,LPS,2,False,104,104,520.0,520.0,extended,extended
20251028170-1.nii.gz,LIP,1,True,44,802,220.0,509.60004,abdomen-only,extended
20251028172-1.nii.gz,LPS,2,False,105,105,525.0,525.0,extended,extended
20251028173-1.nii.gz,LAS,2,False,98,98,490.0,490.0,extended,extended
20251028175-1.nii.gz,LIP,1,True,47,512,235.0,494.23285,abdomen-only,extended
20251028177-1.nii.gz,LPS,2,False,127,127,635.0,635.0,extended,extended
20251028178-1.nii.gz,LIP,1,True,50,512,250.0,509.40314,abdomen-only,extended
20251028180-1.nii.gz,LPI,2,False,103,103,525.098,525.098,extended,extended
20251028183-1.nii.gz,LPS,2,False,87,87,435.0,435.0,extended,extended
20251028184-1.nii.gz,LPS,2,False,82,82,410.0,410.0,extended,extended
20251028186-1.nii.gz,LPI,2,False,92,92,460.0,460.0,extended,extended
20251028187-1.nii.gz,LIP,1,True,45,512,225.0,474.2719,abdomen-only,extended
20251028188-1.nii.gz,LPS,2,False,127,127,635.0,635.0,extended,extended
20251028190-1.nii.gz,LPS,2,False,104,104,520.0,520.0,extended,extended
20251028191-1.nii.gz,LIP,1,True,45,512,225.0,564.49536,abdomen-only,extended
20251028192-1.nii.gz,LAS,2,False,105,105,525.0,525.0,extended,extended
20251028194-1.nii.gz,LPS,2,False,85,85,425.0,425.0,extended,extended
20251028195-1.nii.gz,LPS,2,False,89,89,445.0,445.0,extended,extended
20251028196-1.nii.gz,LAS,2,False,98,98,490.0,490.0,extended,extended
20251028198-1.nii.gz,LPS,2,False,41,41,205.0,205.0,abdomen-only,abdomen-only
20251028199-1.nii.gz,LPS,2,False,96,96,480.0,480.0,extended,extended
20251028200-1.nii.gz,LPS,2,False,122,122,610.0,610.0,extended,extended
20251028202-1.nii.gz,LAS,2,False,112,112,560.0,560.0,extended,extended
20251028203-1.nii.gz,LPS,2,False,96,96,480.0,480.0,extended,extended
20251028205-1.nii.gz,LIP,1,True,62,730,310.0,584.8,abdomen-only,extended
20251028210-1.nii.gz,LIP,1,True,45,512,225.0,539.7438,abdomen-only,extended
20251028213-1.nii.gz,LPS,2,False,105,105,525.0,525.0,extended,extended
20251028214-1.nii.gz,LPI,2,False,93,93,465.0,465.0,extended,extended
20251028215-1.nii.gz,LPS,2,False,92,92,460.0,460.0,extended,extended
20251028218-1.nii.gz,LPS,2,False,91,91,455.0,455.0,extended,extended
20251028220-1.nii.gz,LPS,2,False,88,88,440.0,440.0,extended,extended
20251028223-1.nii.gz,LPS,2,False,110,110,550.0,550.0,extended,extended
20251028224-1.nii.gz,LPI,2,False,44,44,220.0,220.0,abdomen-only,abdomen-only
20251028225-1.nii.gz,LPS,2,False,101,101,505.0,505.0,extended,extended
20251028226-1.nii.gz,LPS,2,False,89,89,490.51135,490.51135,extended,extended
20251028227-1.nii.gz,LPS,2,False,101,101,505.0,505.0,extended,extended
20251028229-1.nii.gz,LPS,2,False,36,36,180.0,180.0,abdomen-only,abdomen-only
20251028230-1.nii.gz,LIP,1,True,40,512,200.0,443.93124,abdomen-only,extended
20251028231-1.nii.gz,LPS,2,False,123,123,615.0,615.0,extended,extended
20251028232-1.nii.gz,LPS,2,False,96,96,480.0,480.0,extended,extended
20251028233-1.nii.gz,LPS,2,False,95,95,475.0,475.0,extended,extended
20251028235-1.nii.gz,LIP,1,True,56,646,280.0,504.79996,abdomen-only,extended
20251028236-1.nii.gz,LIP,1,True,39,512,194.82553,479.86093,abdomen-only,extended
20251028238-1.nii.gz,LPS,2,False,116,116,580.0,580.0,extended,extended
20251028241-1.nii.gz,LPS,2,False,94,94,470.4045,470.4045,extended,extended
20251028242-1.nii.gz,LPI,2,False,99,99,580.2613,580.2613,extended,extended
20251028246-1.nii.gz,LPI,2,False,63,63,315.0,315.0,abdomen-only,abdomen-only
20251028249-1.nii.gz,LIP,1,True,45,512,225.0,484.65158,abdomen-only,extended
20251028254-1.nii.gz,LIP,1,True,48,684,240.0,479.5,abdomen-only,extended
20251028255-1.nii.gz,LPI,2,False,99,99,495.0,495.0,extended,extended
20251028257-1.nii.gz,LPS,2,False,99,99,495.0,495.0,extended,extended
20251028258-1.nii.gz,LAS,2,False,105,105,525.0,525.0,extended,extended
20251028259-1.nii.gz,LPI,2,False,102,102,510.0,510.0,extended,extended
20251028261-1.nii.gz,LPS,2,False,105,105,525.0,525.0,extended,extended
20251028262-1.nii.gz,LPI,2,False,79,79,395.0,395.0,extended,extended
20251028265-1.nii.gz,LPS,2,False,114,114,570.0,570.0,extended,extended
20251028270-2.nii.gz,LIP,1,True,40,810,200.0,600.80005,abdomen-only,extended
20251028271-1.nii.gz,LIP,1,True,45,768,225.0,538.9017,abdomen-only,extended
20251028272-1.nii.gz,LPS,2,False,113,113,565.0,565.0,extended,extended
20251028274-1.nii.gz,LPS,2,False,109,109,545.0,545.0,extended,extended
20251028276-1.nii.gz,LPS,2,False,34,34,170.0,170.0,abdomen-only,abdomen-only
20251028278-1.nii.gz,LAS,2,False,115,115,575.0,575.0,extended,extended
20251028280-1.nii.gz,LPI,2,False,93,93,465.0,465.0,extended,extended
20251028281-1.nii.gz,LPS,2,False,85,85,541.3691,541.3691,extended,extended
20251028283-1.nii.gz,LIP,1,True,42,512,210.0,474.27188,abdomen-only,extended
20251028284-1.nii.gz,LPS,2,False,44,44,506.51163,506.51163,extended,extended
20251028285-1.nii.gz,LIP,1,True,48,760,240.0,554.4,abdomen-only,extended
20251028291-1.nii.gz,LAS,2,False,93,93,465.0,465.0,extended,extended
20251028294-1.nii.gz,LPS,2,False,97,97,485.0,485.0,extended,extended
20251028301-1.nii.gz,LIP,1,True,40,512,200.0,479.86093,abdomen-only,extended
20251028303-1.nii.gz,LPS,2,False,102,102,510.0,510.0,extended,extended
20251028305-1.nii.gz,LPS,2,False,110,110,550.0,550.0,extended,extended
20251028306-1.nii.gz,LIP,1,True,40,512,200.0,467.08594,abdomen-only,extended
20251028310-1.nii.gz,LAS,2,False,94,94,470.0,470.0,extended,extended
20251028312-1.nii.gz,LPS,2,False,121,121,605.0,605.0,extended,extended
20251028316-1.nii.gz,LPS,2,False,104,104,520.0,520.0,extended,extended
20251028317-1.nii.gz,LPS,2,False,106,106,530.0,530.0,extended,extended
20251028318-1.nii.gz,LPS,2,False,105,105,525.0,525.0,extended,extended
20251028320-1.nii.gz,LPS,2,False,103,103,515.0,515.0,extended,extended
20251028323-1.nii.gz,LIP,1,True,43,512,215.0,514.1937,abdomen-only,extended
20251028324-1.nii.gz,LPS,2,False,109,109,545.0,545.0,extended,extended
20251028326-1.nii.gz,LIP,1,True,38,512,190.0,504.61252,abdomen-only,extended
20251028328-1.nii.gz,LIP,1,True,37,588,185.0,411.6,abdomen-only,extended
20251028331-1.nii.gz,LAS,2,False,113,113,565.0,565.0,extended,extended
20251028333-1.nii.gz,LPI,2,False,49,49,245.0,245.0,abdomen-only,abdomen-only
20251028339-1.nii.gz,LPI,2,False,103,103,515.0,515.0,extended,extended
20251028341-1.nii.gz,LPS,2,False,104,104,520.0,520.0,extended,extended
20251028345-1.nii.gz,LPI,2,False,104,104,520.0,520.0,extended,extended
20251028346-1.nii.gz,LPS,2,False,98,98,490.0,490.0,extended,extended
20251028348-1.nii.gz,LPI,2,False,106,106,530.0,530.0,extended,extended
20251028353-1.nii.gz,LPS,2,False,104,104,520.0,520.0,extended,extended
20251028354-1.nii.gz,LIP,1,True,47,798,235.0,559.3,abdomen-only,extended
20251028356-1.nii.gz,LAS,2,False,103,103,515.0,515.0,extended,extended
20251028357-1.nii.gz,LIP,1,True,66,880,330.0,617.0414,abdomen-only,extended
20251028361-1.nii.gz,PIR,1,True,81,770,405.0,539.7,extended,extended
20251028364-1.nii.gz,LPS,2,False,120,120,600.0,600.0,extended,extended
20251028365-1.nii.gz,LPS,2,False,104,104,520.0,520.0,extended,extended
20251028365-2.nii.gz,LPS,2,False,95,95,475.0,475.0,extended,extended
20251028368-1.nii.gz,LPS,2,False,101,101,505.0,505.0,extended,extended
20251028369-1.nii.gz,LIP,1,True,39,750,195.0,526.0417,abdomen-only,extended
20251028372-1.nii.gz,LPS,2,False,112,112,560.0,560.0,extended,extended
20251028374-1.nii.gz,LPS,2,False,116,116,580.0,580.0,extended,extended
20251028375-1.nii.gz,LIP,1,True,48,834,240.0,584.5,abdomen-only,extended
20251028378-1.nii.gz,LPS,2,False,121,121,605.0,605.0,extended,extended
20251028379-1.nii.gz,LAS,2,False,104,104,520.0,520.0,extended,extended
20251028380-1.nii.gz,LPS,2,False,116,116,580.0,580.0,extended,extended
20251028381-1.nii.gz,LIP,1,True,45,728,225.0,509.6,abdomen-only,extended
20251028382-1.nii.gz,LAS,2,False,115,115,575.0,575.0,extended,extended
20251028383-1.nii.gz,LPS,2,False,121,121,605.0,605.0,extended,extended
20251028384-1.nii.gz,LPS,2,False,101,101,505.0,505.0,extended,extended
20251028385-1.nii.gz,LPS,2,False,99,99,495.0,495.0,extended,extended
20251028386-1.nii.gz,LPS,2,False,84,84,420.0,420.0,extended,extended
20251028391-1.nii.gz,LPS,2,False,103,103,515.0,515.0,extended,extended
20251028392-1.nii.gz,LPS,2,False,122,122,610.0,610.0,extended,extended
