filepath,filename,status,elapsed_s,volume_reduction,bbox_min_x,bbox_min_y,bbox_min_z,bbox_max_x,bbox_max_y,bbox_max_z,error
C:\Users\User1\pneumo_dataset\merged\Pneumo_Positive\20251028003-1.nii.gz,20251028003-1.nii.gz,ok,3.3672523498535156,0.318359375,-178.31640625,-301.25,96.9000244140625,171.68359375,-62.67578125,496.9000244140625,
C:\Users\User1\pneumo_dataset\merged\Pneumo_Positive\20251028008-1.nii.gz,20251028008-1.nii.gz,ok,7.720041275024414,0.31827545166015625,-207.9239044189453,-284.9546890258789,-875.7760009765625,167.5331268310547,2.6624984741210938,-345.7760009765625,
C:\Users\User1\pneumo_dataset\merged\Pneumo_Positive\20251028010-1.nii.gz,20251028010-1.nii.gz,ok,5.8697614669799805,0.3491058349609375,-186.751953125,-291.8935852050781,-1101.0,190.751953125,-14.639678955078125,-676.0,
C:\Users\User1\pneumo_dataset\merged\Pneumo_Positive\20251028013-1.nii.gz,20251028013-1.nii.gz,ok,3.8274621963500977,0.352783203125,-149.5713348388672,-296.68088722229004,-630.9000244140625,198.7489776611328,-42.30588722229004,-122.83551216125488,
C:\Users\User1\pneumo_dataset\merged\Pneumo_Positive\20251028015-1.nii.gz,20251028015-1.nii.gz,ok,6.822798252105713,0.298828125,-159.85560607910156,-278.640625,-78.60399627685547,173.14439392089844,-45.150390625,396.39600372314453,
C:\Users\User1\pneumo_dataset\merged\Pneumo_Positive\20251028023-1.nii.gz,20251028023-1.nii.gz,ok,3.072646141052246,0.3051109313964844,-168.9649200439453,-285.0451250076294,-1384.404052734375,177.2284393310547,-23.461140632629395,-854.004072189331,
C:\Users\User1\pneumo_dataset\merged\Pneumo_Positive\20251028025-1.nii.gz,20251028025-1.nii.gz,ok,2.3711163997650146,0.5395889282226562,-183.84957885742188,-286.5389976501465,-1266.4000244140625,208.42776489257812,-68.51360702514648,-845.8872146606445,
C:\Users\User1\pneumo_dataset\merged\Pneumo_Positive\20251028027-1.nii.gz,20251028027-1.nii.gz,ok,4.8820226192474365,0.4513092041015625,-146.26708984375,-294.36973571777344,-201.70001220703125,262.35791015625,-24.869735717773438,274.3256239891052,
C:\Users\User1\pneumo_dataset\merged\Pneumo_Positive\20251028030-1.nii.gz,20251028030-1.nii.gz,ok,5.123203754425049,0.30859375,-179.3108367919922,-283.69625091552734,-1067.760986328125,222.6891632080078,-5.750938415527344,-541.0943322181702,
C:\Users\User1\pneumo_dataset\merged\Pneumo_Positive\20251028031-1.nii.gz,20251028031-1.nii.gz,ok,8.146767139434814,0.296875,-222.58042907714844,-303.8046875,-566.8800048828125,234.41957092285156,17.5234375,-51.8800048828125,
C:\Users\User1\pneumo_dataset\merged\Pneumo_Positive\20251028032-1.nii.gz,20251028032-1.nii.gz,ok,6.5735673904418945,0.240234375,-167.802734375,-290.939453125,-1312.2999877929688,189.197265625,-19.703125,-857.2999877929688,
C:\Users\User1\pneumo_dataset\merged\Pneumo_Positive\20251028034-1.nii.gz,20251028034-1.nii.gz,ok,2.425758123397827,0.26171875,-223.572265625,-298.5416717529297,-1414.9000244140625,251.427734375,52.14192199707031,-815.2747116088867,
C:\Users\User1\pneumo_dataset\merged\Pneumo_Positive\20251028036-1.nii.gz,20251028036-1.nii.gz,ok,2.51042103767395,0.283203125,-169.7625732421875,-298.3375778198242,-1113.800048828125,249.2374267578125,2.0003128051757812,-535.3476600646973,
C:\Users\User1\pneumo_dataset\merged\Pneumo_Positive\20251028039-1.nii.gz,20251028039-1.nii.gz,ok,2.7778820991516113,0.2584686279296875,-196.28143310546875,-297.620849609375,-1266.5,206.86700439453125,14.597900390625,-714.5,
C:\Users\User1\pneumo_dataset\merged\Pneumo_Positive\20251028051-1.nii.gz,20251028051-1.nii.gz,ok,7.904874801635742,0.2403564453125,-201.76904296875,-287.0472640991211,192.23599243164062,192.12939453125,16.905860900878906,737.2827339172363,
C:\Users\User1\pneumo_dataset\merged\Pneumo_Positive\20251028054-1.nii.gz,20251028054-1.nii.gz,ok,7.96879243850708,0.24142837524414062,-249.16415405273438,-272.22265625,-324.5509948730469,185.25576782226562,86.107421875,346.60639905929565,
C:\Users\User1\pneumo_dataset\merged\Pneumo_Positive\20251028055-1.nii.gz,20251028055-1.nii.gz,ok,7.628206968307495,0.25341033935546875,-181.560546875,-297.845703125,-26.100006103515625,206.529296875,8.41796875,508.8999938964844,
C:\Users\User1\pneumo_dataset\merged\Pneumo_Positive\20251028056-1.nii.gz,20251028056-1.nii.gz,ok,7.221487045288086,0.4500885009765625,-268.8074983805418,-271.20660465955734,-732.2000732421875,208.3206068277359,-32.53896713256836,-222.2000732421875,
C:\Users\User1\pneumo_dataset\merged\Pneumo_Positive\20251028058-1.nii.gz,20251028058-1.nii.gz,ok,5.575592756271362,0.3107795715332031,-144.3681182861328,-274.8671875,46.29999923706055,176.6084442138672,-38.1875,476.29999923706055,
C:\Users\User1\pneumo_dataset\merged\Pneumo_Positive\20251028059-1.nii.gz,20251028059-1.nii.gz,ok,6.546020030975342,0.158203125,-184.740234375,-302.19921875,-1088.0,204.259765625,25.259765625,-638.0,
C:\Users\User1\pneumo_dataset\merged\Pneumo_Positive\20251028060-1.nii.gz,20251028060-1.nii.gz,ok,6.097667932510376,0.3450775146484375,-148.20849609375,-280.0375003814697,-18.04800033569336,196.91650390625,-44.91250038146973,426.95199966430664,
C:\Users\User1\pneumo_dataset\merged\Pneumo_Positive\20251028063-1.nii.gz,20251028063-1.nii.gz,ok,5.732320547103882,0.434661865234375,-172.64096069335938,-295.74986243247986,-760.2000122070312,165.05435180664062,-90.67173743247986,-320.20001220703125,
C:\Users\User1\pneumo_dataset\merged\Pneumo_Positive\20251028065-1.nii.gz,20251028065-1.nii.gz,ok,7.6217052936553955,0.2229156494140625,-207.3230743408203,-298.32038497924805,-1084.7999877929688,207.4113006591797,29.058521270751953,-564.7999877929688,
C:\Users\User1\pneumo_dataset\merged\Pneumo_Positive\20251028066-1.nii.gz,20251028066-1.nii.gz,ok,8.28203558921814,0.3833770751953125,-163.80020141601562,-294.0578155517578,-348.3399963378906,258.7818298339844,-22.999221801757812,216.66000366210938,
C:\Users\User1\pneumo_dataset\merged\Pneumo_Positive\20251028076-1.nii.gz,20251028076-1.nii.gz,ok,5.4781365394592285,0.265625,-130.02809143066406,-298.46123695373535,-1017.9000244140625,150.97190856933594,-92.10186195373535,-607.9000244140625,
C:\Users\User1\pneumo_dataset\merged\Pneumo_Positive\20251028077-1.nii.gz,20251028077-1.nii.gz,ok,8.941328763961792,0.26818084716796875,-174.16015625,-301.01371002197266,-444.70001220703125,243.2421875,23.165977478027344,175.29998779296875,
C:\Users\User1\pneumo_dataset\merged\Pneumo_Positive\20251028083-1.nii.gz,20251028083-1.nii.gz,ok,7.825417757034302,0.4653129577636719,-182.224609375,-296.5078125,-884.2000122070312,252.5703125,-37.423828125,-349.20001220703125,
C:\Users\User1\pneumo_dataset\merged\Pneumo_Positive\20251028086-1.nii.gz,20251028086-1.nii.gz,ok,4.911522626876831,0.18641618497109824,-214.7952337563039,-251.75146196782592,-974.8400064110755,193.4308336675167,-36.6555210351944,-490.44001466035843,
C:\Users\User1\pneumo_dataset\merged\Pneumo_Positive\20251028092-1.nii.gz,20251028092-1.nii.gz,ok,7.877893447875977,0.23046875,-142.03514099121094,-287.67389965057373,-680.5999755859375,180.96485900878906,-39.11530590057373,-145.5999755859375,
C:\Users\User1\pneumo_dataset\merged\Pneumo_Positive\20251028099-2.nii.gz,20251028099-2.nii.gz,ok,7.480655193328857,0.4210548400878906,-224.65264892578125,-287.8951873779297,-789.5700073242188,197.52117919921875,-42.52214050292969,-269.57000732421875,
C:\Users\User1\pneumo_dataset\merged\Pneumo_Positive\20251028100-1.nii.gz,20251028100-1.nii.gz,ok,3.4992940425872803,0.14890282131661448,-165.66225630044949,-286.04045470803976,-579.6999908089637,249.96174427866936,-40.63059288263318,-69.2999832034111,
C:\Users\User1\pneumo_dataset\merged\Pneumo_Positive\20251028104-1.nii.gz,20251028104-1.nii.gz,ok,4.816294431686401,0.38889312744140625,-202.7421875,-297.4375,-1253.699951171875,242.171875,35.046875,-868.699951171875,
C:\Users\User1\pneumo_dataset\merged\Pneumo_Positive\20251028105-1.nii.gz,20251028105-1.nii.gz,ok,3.1047873497009277,0.03515625,-201.22637176513672,-280.1962890625,-1349.6161079406738,234.9941864013672,-30.1962890625,-897.5008735656738,
C:\Users\User1\pneumo_dataset\merged\Pneumo_Positive\20251028116-1.nii.gz,20251028116-1.nii.gz,ok,6.932942867279053,0.2884521484375,-76.47705078125,-157.556884765625,-821.1920776367188,259.74169921875,133.736083984375,-336.19207763671875,
C:\Users\User1\pneumo_dataset\merged\Pneumo_Positive\20251028120-1.nii.gz,20251028120-1.nii.gz,ok,2.810218334197998,0.051204819277108404,-199.67098757624638,-243.05971091240647,-796.136691570282,172.98085555434227,-83.70286033302546,-353.9013862609864,
C:\Users\User1\pneumo_dataset\merged\Pneumo_Positive\20251028123-1.nii.gz,20251028123-1.nii.gz,ok,5.610328197479248,0.3040962219238281,-211.40625,-293.765625,-535.8999876976013,195.796875,-9.28125,-14.69517469406128,
C:\Users\User1\pneumo_dataset\merged\Pneumo_Positive\20251028127-1.nii.gz,20251028127-1.nii.gz,ok,7.516418933868408,0.2890625,-203.2996826171875,-276.97156524658203,-1057.5679931640625,216.7003173828125,21.62218475341797,-542.5679931640625,
C:\Users\User1\pneumo_dataset\merged\Pneumo_Positive\20251028128-1.nii.gz,20251028128-1.nii.gz,ok,5.897183179855347,0.1547558678643871,-203.7404095977546,-248.6047683972866,-913.9023754596709,252.82509504258633,-23.54373520426455,-321.3371534347534,
C:\Users\User1\pneumo_dataset\merged\Pneumo_Positive\20251028132-1.nii.gz,20251028132-1.nii.gz,ok,5.465658903121948,0.3099730458221024,-184.3992651216687,-269.12858759844676,-71.6876220703124,189.81317150220275,-42.64336788142097,467.5123291015625,
C:\Users\User1\pneumo_dataset\merged\Pneumo_Positive\20251028135-1.nii.gz,20251028135-1.nii.gz,ok,2.0035130977630615,0.36328125,-200.08200073242188,-276.6500015258789,-1074.052001953125,183.91799926757812,-32.150001525878906,-558.9004917144775,
C:\Users\User1\pneumo_dataset\merged\Pneumo_Positive\20251028137-1.nii.gz,20251028137-1.nii.gz,ok,7.772082328796387,0.4886474609375,-195.9453125,-300.015625,-1953.800048828125,241.9453125,-36.5390625,-1413.800048828125,
C:\Users\User1\pneumo_dataset\merged\Pneumo_Positive\20251028139-1.nii.gz,20251028139-1.nii.gz,ok,5.222445011138916,0.38190460205078125,-165.99351501464844,-276.5093421936035,-809.1480102539062,189.78968811035156,-37.388248443603516,-404.14801025390625,
C:\Users\User1\pneumo_dataset\merged\Pneumo_Positive\20251028140-1.nii.gz,20251028140-1.nii.gz,ok,9.296123504638672,0.28863525390625,-174.1796875,-299.6307678222656,-1179.800048828125,239.2578125,3.884857177734375,-574.800048828125,
C:\Users\User1\pneumo_dataset\merged\Pneumo_Positive\20251028142-1.nii.gz,20251028142-1.nii.gz,ok,8.623427629470825,0.236328125,-152.26377868652344,-295.93235969543457,-567.4000244140625,197.73622131347656,-28.64720344543457,-12.4000244140625,
C:\Users\User1\pneumo_dataset\merged\Pneumo_Positive\20251028146-1.nii.gz,20251028146-1.nii.gz,ok,8.516674280166626,0.166015625,-185.31640625,-298.83203125,-1729.5999755859375,164.68359375,-6.9375,-1164.5999755859375,
C:\Users\User1\pneumo_dataset\merged\Pneumo_Positive\20251028154-1.nii.gz,20251028154-1.nii.gz,ok,8.24379301071167,0.259765625,-178.93768310546875,-295.375,-988.5999755859375,214.06231689453125,-4.462890625,-458.5999755859375,
C:\Users\User1\pneumo_dataset\merged\Pneumo_Positive\20251028157-1.nii.gz,20251028157-1.nii.gz,ok,2.6082763671875,0.162109375,-223.2573533654213,-255.6249487400055,-957.8134704232216,215.63284507393837,-75.71172940731049,-453.2009521126747,
C:\Users\User1\pneumo_dataset\merged\Pneumo_Positive\20251028160-1.nii.gz,20251028160-1.nii.gz,ok,6.876747131347656,0.43359375,-188.58261108398438,-290.6956558227539,-846.0,256.4173889160156,-38.644874572753906,-361.0,
C:\Users\User1\pneumo_dataset\merged\Pneumo_Positive\20251028163-1.nii.gz,20251028163-1.nii.gz,ok,10.35062026977539,0.25,-216.83473205566406,-275.15423583984375,10.15999984741211,204.16526794433594,40.59576416015625,650.1599998474121,
C:\Users\User1\pneumo_dataset\merged\Pneumo_Positive\20251028164-1.nii.gz,20251028164-1.nii.gz,ok,7.6608946323394775,0.4367218017578125,-150.50100708007812,-283.6296844482422,-912.2529907226562,246.60836791992188,-6.5164031982421875,-387.25299072265625,
C:\Users\User1\pneumo_dataset\merged\Pneumo_Positive\20251028169-1.nii.gz,20251028169-1.nii.gz,ok,5.175298452377319,0.1963788300835655,-259.82689851522457,-226.03799635171893,-878.6700158715247,219.28438991308212,-41.23560309410095,-304.2700073122978,
C:\Users\User1\pneumo_dataset\merged\Pneumo_Positive\20251028174-1.nii.gz,20251028174-1.nii.gz,ok,8.68983793258667,0.3486213684082031,-221.5655059814453,-282.42499923706055,-210.96600341796875,169.2469940185547,6.012500762939453,369.03399658203125,
C:\Users\User1\pneumo_dataset\merged\Pneumo_Positive\20251028176-1.nii.gz,20251028176-1.nii.gz,ok,3.5666778087615967,0.521484375,-145.181168358773,-295.1128116250038,-584.3365975022316,148.4023128822446,-67.04696352779865,-85.49092489480972,
C:\Users\User1\pneumo_dataset\merged\Pneumo_Positive\20251028179-1.nii.gz,20251028179-1.nii.gz,ok,7.282816171646118,0.3158721923828125,-194.21092224121094,-284.96696853637695,30.819000244140625,172.33204650878906,-11.181812286376953,530.8190002441406,
C:\Users\User1\pneumo_dataset\merged\Pneumo_Positive\20251028182-1.nii.gz,20251028182-1.nii.gz,ok,3.734168291091919,0.21994134897360706,-189.83058080077177,-262.2047885451466,-881.6909426450729,171.1019444167614,-84.96668213792142,-427.39096939563757,
C:\Users\User1\pneumo_dataset\merged\Pneumo_Positive\20251028185-1.nii.gz,20251028185-1.nii.gz,ok,8.651864051818848,0.4113616943359375,-258.47291564941406,-297.10414123535156,-1082.93994140625,214.15013122558594,-6.5494537353515625,-487.764524936676,
C:\Users\User1\pneumo_dataset\merged\Pneumo_Positive\20251028189-1.nii.gz,20251028189-1.nii.gz,ok,9.547900199890137,0.3453369140625,-224.0234375,-301.7765655517578,-1821.22998046875,260.3515625,36.11405944824219,-1181.22998046875,
C:\Users\User1\pneumo_dataset\merged\Pneumo_Positive\20251028193-1.nii.gz,20251028193-1.nii.gz,ok,8.520565271377563,0.3411214953271028,-221.70548325777065,-240.56320335716012,-1360.0179951786995,199.50953882932663,-8.033821873366833,-760.8180053830148,
C:\Users\User1\pneumo_dataset\merged\Pneumo_Positive\20251028197-1.nii.gz,20251028197-1.nii.gz,ok,8.472598791122437,0.3770751953125,-214.0529022216797,-276.2750015258789,-43.277000427246094,201.3533477783203,-9.228126525878906,531.7229995727539,
C:\Users\User1\pneumo_dataset\merged\Pneumo_Positive\20251028201-1.nii.gz,20251028201-1.nii.gz,ok,2.783923864364624,0.28515625,-158.3510056734085,-264.66835021972656,-1202.6963592767715,245.17493164539337,-29.668350219726562,-638.2010589838028,
C:\Users\User1\pneumo_dataset\merged\Pneumo_Positive\20251028206-1.nii.gz,20251028206-1.nii.gz,ok,5.968916416168213,0.32456140350877194,-182.3165159225465,-257.8499755859375,-45.553587913513084,195.45628929138184,-37.8499755859375,513.7464094161987,
C:\Users\User1\pneumo_dataset\merged\Pneumo_Positive\20251028208-1.nii.gz,20251028208-1.nii.gz,ok,7.199304819107056,0.30511474609375,-168.84243774414062,-297.8164482116699,-1675.800048828125,194.84506225585938,-39.06644821166992,-1195.800048828125,
C:\Users\User1\pneumo_dataset\merged\Pneumo_Positive\20251028211-1.nii.gz,20251028211-1.nii.gz,ok,8.671645641326904,0.43218994140625,-205.87478637695312,-294.92578125,-491.0,225.01193237304688,31.88671875,64.0,
C:\Users\User1\pneumo_dataset\merged\Pneumo_Positive\20251028212-1.nii.gz,20251028212-1.nii.gz,ok,5.638152599334717,0.5678138732910156,-203.2421875,-272.2062530517578,-1120.699951171875,189.0625,-14.135940551757812,-625.699951171875,
C:\Users\User1\pneumo_dataset\merged\Pneumo_Positive\20251028219-1.nii.gz,20251028219-1.nii.gz,ok,4.213006496429443,0.24609375,-195.68067932128906,-279.92070388793945,-1435.4339599609375,181.31932067871094,4.301952362060547,-905.4339599609375,
C:\Users\User1\pneumo_dataset\merged\Pneumo_Positive\20251028228-1.nii.gz,20251028228-1.nii.gz,ok,4.086694717407227,0.3775444030761719,-200.23997497558594,-284.9855651855469,-938.5390014648438,214.94361877441406,-12.911346435546875,-418.53900146484375,
C:\Users\User1\pneumo_dataset\merged\Pneumo_Positive\20251028234-1.nii.gz,20251028234-1.nii.gz,ok,3.6508920192718506,0.24609375,-185.87301635742188,-276.83576583862305,-10.097999572753906,177.12698364257812,-3.167797088623047,484.9020004272461,
C:\Users\User1\pneumo_dataset\merged\Pneumo_Positive\20251028239-1.nii.gz,20251028239-1.nii.gz,ok,4.5823304653167725,0.5082931518554688,-224.46484375,-296.5,-480.0,224.90234375,-25.12890625,110.0,
C:\Users\User1\pneumo_dataset\merged\Pneumo_Positive\20251028240-1.nii.gz,20251028240-1.nii.gz,ok,1.4166369438171387,0.21875,-185.83584433794022,-272.8820826932788,-1083.4244231581688,207.66356246173382,-54.30564396828413,-584.4009551405907,
C:\Users\User1\pneumo_dataset\merged\Pneumo_Positive\20251028243-1.nii.gz,20251028243-1.nii.gz,ok,3.666667938232422,0.41796875,-234.15243530273438,-286.3340606689453,-573.9860229492188,201.84756469726562,-32.56843566894531,-53.98602294921875,
C:\Users\User1\pneumo_dataset\merged\Pneumo_Positive\20251028245-1.nii.gz,20251028245-1.nii.gz,ok,3.833191156387329,0.36493682861328125,-219.60238647460938,-302.88733673095703,-1368.5999755859375,262.8194885253906,26.21422576904297,-828.5999755859375,
C:\Users\User1\pneumo_dataset\merged\Pneumo_Positive\20251028247-1.nii.gz,20251028247-1.nii.gz,ok,4.101637363433838,0.23691940307617188,-192.2898712158203,-279.04296875,-1282.7020263671875,167.5890350341797,-1.1796875,-727.7020263671875,
C:\Users\User1\pneumo_dataset\merged\Pneumo_Positive\20251028248-1.nii.gz,20251028248-1.nii.gz,ok,3.6982100009918213,0.346405029296875,-175.18887329101562,-291.2140121459961,-867.800048828125,185.26425170898438,-14.001121520996094,-342.800048828125,
C:\Users\User1\pneumo_dataset\merged\Pneumo_Positive\20251028252-1.nii.gz,20251028252-1.nii.gz,ok,3.88320255279541,0.4141654968261719,-234.43914794921875,-287.54302978515625,-944.7999877929688,205.28936767578125,-14.15045166015625,-434.79998779296875,
C:\Users\User1\pneumo_dataset\merged\Pneumo_Positive\20251028260-1.nii.gz,20251028260-1.nii.gz,ok,3.5346837043762207,0.34863523573200994,-160.5847732126714,-266.62506160140043,-993.8290004134177,195.32718655467033,-9.753679376095533,-429.62901002168655,
C:\Users\User1\pneumo_dataset\merged\Pneumo_Positive\20251028263-1.nii.gz,20251028263-1.nii.gz,ok,4.799090147018433,0.5980902777777778,-183.25856018066406,-292.39422607421875,-1150.300048828125,210.11058044433594,-40.90985107421875,-637.1177172660828,
C:\Users\User1\pneumo_dataset\merged\Pneumo_Positive\20251028264-1.nii.gz,20251028264-1.nii.gz,ok,4.043322563171387,0.36203765869140625,-184.8046875,-292.9921875,-1249.0999755859375,223.96875,-7.1015625,-689.0999755859375,
C:\Users\User1\pneumo_dataset\merged\Pneumo_Positive\20251028267-1.nii.gz,20251028267-1.nii.gz,ok,3.525115728378296,0.3417701721191406,-204.4187469482422,-277.51874923706055,-623.5449829101562,193.2375030517578,-12.674999237060547,-133.54498291015625,
C:\Users\User1\pneumo_dataset\merged\Pneumo_Positive\20251028268-1.nii.gz,20251028268-1.nii.gz,ok,3.630826234817505,0.46421051025390625,-217.00575256347656,-269.3205032348633,-422.61199951171875,193.05674743652344,-25.47675323486328,97.38800048828125,
C:\Users\User1\pneumo_dataset\merged\Pneumo_Positive\20251028270-1.nii.gz,20251028270-1.nii.gz,ok,3.878843069076538,0.27734375,-201.22265625,-300.61184310913086,-1512.9000244140625,196.77734375,-12.99465560913086,-987.9000244140625,
C:\Users\User1\pneumo_dataset\merged\Pneumo_Positive\20251028273-1.nii.gz,20251028273-1.nii.gz,ok,1.437683343887329,0.18181818181818177,-175.59760749340063,-267.15234375,-1081.700031220913,198.80239808559418,-72.15234375,-624.1000244021417,
C:\Users\User1\pneumo_dataset\merged\Pneumo_Positive\20251028275-2.nii.gz,20251028275-2.nii.gz,ok,4.149908065795898,0.33209228515625,-177.6544189453125,-277.6822967529297,-81.47799682617188,203.0643310546875,-6.7272186279296875,483.5220031738281,
C:\Users\User1\pneumo_dataset\merged\Pneumo_Positive\20251028286-1.nii.gz,20251028286-1.nii.gz,ok,3.3168013095855713,0.4011878967285156,-161.17593383789062,-276.3043746948242,-103.9520034790039,159.56625366210938,-60.48406219482422,371.0479965209961,
C:\Users\User1\pneumo_dataset\merged\Pneumo_Positive\20251028287-1.nii.gz,20251028287-1.nii.gz,ok,4.285130023956299,0.20703125,-174.8653564453125,-284.5546875,3.1519999504089355,174.1346435546875,-7.80859375,533.1519999504089,
C:\Users\User1\pneumo_dataset\merged\Pneumo_Positive\20251028288-1.nii.gz,20251028288-1.nii.gz,ok,3.56404185295105,0.37892913818359375,-176.82135009765625,-298.1762809753418,-1506.5,232.29193115234375,-16.174327850341797,-996.5,
C:\Users\User1\pneumo_dataset\merged\Pneumo_Positive\20251028289-1.nii.gz,20251028289-1.nii.gz,ok,4.620147943496704,0.3076324462890625,-209.86553955078125,-308.8799285888672,-2053.9000244140625,262.79071044921875,57.33100891113281,-1433.9000244140625,
C:\Users\User1\pneumo_dataset\merged\Pneumo_Positive\20251028290-1.nii.gz,20251028290-1.nii.gz,ok,3.3327860832214355,0.177734375,-176.31640625,-297.37890625,-1187.300048828125,173.68359375,-9.5859375,-676.2881479263306,
C:\Users\User1\pneumo_dataset\merged\Pneumo_Positive\20251028293-1.nii.gz,20251028293-1.nii.gz,ok,2.485992193222046,0.126953125,-246.89528703689575,-236.2590794712305,-187.42286372184753,202.18111771345139,-9.880246799439192,312.39903569221497,
C:\Users\User1\pneumo_dataset\merged\Pneumo_Positive\20251028298-1.nii.gz,20251028298-1.nii.gz,ok,9.036458015441895,0.197265625,-174.62001037597656,-288.9907531738281,61.90800094604492,188.37998962402344,2.401824951171875,641.9080009460449,
C:\Users\User1\pneumo_dataset\merged\Pneumo_Positive\20251028299-1.nii.gz,20251028299-1.nii.gz,ok,7.276662111282349,0.41015625,-200.673828125,-298.14453125,-1267.199951171875,222.326171875,-48.640625,-676.2908515930176,
C:\Users\User1\pneumo_dataset\merged\Pneumo_Positive\20251028300-1.nii.gz,20251028300-1.nii.gz,ok,5.754117012023926,0.0902862548828125,-127.4528384655714,-330.9242930561304,-1000.9201049804688,148.7866838723421,51.16566464304924,-560.9201049804688,
C:\Users\User1\pneumo_dataset\merged\Pneumo_Positive\20251028304-1.nii.gz,20251028304-1.nii.gz,ok,7.7021331787109375,0.255859375,-181.0797119140625,-279.7289047241211,1.375,196.9202880859375,1.5562515258789062,521.375,
C:\Users\User1\pneumo_dataset\merged\Pneumo_Positive\20251028309-1.nii.gz,20251028309-1.nii.gz,ok,4.597262859344482,0.3219512195121951,-201.85935550928127,-266.07431247830397,-968.2603192925452,216.7611044049263,-6.58916562795639,-463.4603268504143,
C:\Users\User1\pneumo_dataset\merged\Pneumo_Positive\20251028311-1.nii.gz,20251028311-1.nii.gz,ok,6.593974351882935,0.244140625,-195.4086456298828,-296.90901947021484,-1260.5,178.5913543701172,-14.217613220214844,-715.5,
C:\Users\User1\pneumo_dataset\merged\Pneumo_Positive\20251028313-1.nii.gz,20251028313-1.nii.gz,ok,3.9799904823303223,0.326171875,-216.8443603515625,-277.1957015991211,-86.93900299072266,196.1556396484375,1.0953140258789062,463.06099700927734,
C:\Users\User1\pneumo_dataset\merged\Pneumo_Positive\20251028314-1.nii.gz,20251028314-1.nii.gz,ok,4.92702054977417,0.291015625,-228.7436981201172,-302.517578125,-684.1699829101562,234.2563018798828,25.7421875,-44.16998291015625,
C:\Users\User1\pneumo_dataset\merged\Pneumo_Positive\20251028315-1.nii.gz,20251028315-1.nii.gz,ok,4.286948204040527,0.279296875,-181.755859375,-288.875,-1115.5999755859375,199.244140625,-14.287109375,-570.5999755859375,
C:\Users\User1\pneumo_dataset\merged\Pneumo_Positive\20251028319-1.nii.gz,20251028319-1.nii.gz,ok,3.7989442348480225,0.3597602844238281,-228.53526306152344,-301.02637481689453,-598.629997253418,173.63465881347656,-32.11035919189453,-63.62999725341797,
C:\Users\User1\pneumo_dataset\merged\Pneumo_Positive\20251028321-1.nii.gz,20251028321-1.nii.gz,ok,4.588201999664307,0.3046875,-202.80235290527344,-278.8089828491211,-1101.7330322265625,210.19764709472656,8.355079650878906,-526.7330322265625,
C:\Users\User1\pneumo_dataset\merged\Pneumo_Positive\20251028322-1.nii.gz,20251028322-1.nii.gz,ok,1.5273656845092773,0.134765625,-254.64868599176407,-248.43001677840948,-55.4167662858963,241.51427641510963,-51.173936530947685,498.69889533519745,
C:\Users\User1\pneumo_dataset\merged\Pneumo_Positive\20251028325-1.nii.gz,20251028325-1.nii.gz,ok,4.573498964309692,0.3491058349609375,-194.42352294921875,-296.42474365234375,-52.5,195.31866455078125,-10.18255615234375,532.5,
C:\Users\User1\pneumo_dataset\merged\Pneumo_Positive\20251028327-1.nii.gz,20251028327-1.nii.gz,ok,1.27925705909729,0.1875,-211.15606808662415,-265.74185943603516,-1147.0744415521622,215.05983996391296,-60.741859436035156,-622.5010162591934,
C:\Users\User1\pneumo_dataset\merged\Pneumo_Positive\20251028329-1.nii.gz,20251028329-1.nii.gz,ok,1.3305797576904297,0.265625,-196.6538896560669,-271.9615898132324,-330.87444460392,188.57971954345703,-51.96158981323242,193.69898068904877,
C:\Users\User1\pneumo_dataset\merged\Pneumo_Positive\20251028330-1.nii.gz,20251028330-1.nii.gz,ok,1.3118259906768799,0.302734375,-180.0990586578846,-270.14178266376257,-1282.6871733665466,238.44325909018517,-24.49477745592594,-662.3011870384216,
C:\Users\User1\pneumo_dataset\merged\Pneumo_Positive\20251028332-1.nii.gz,20251028332-1.nii.gz,ok,2.7658071517944336,0.35448455810546875,-172.78125,-300.25,-1174.800048828125,175.3125,-38.078125,-759.800048828125,
C:\Users\User1\pneumo_dataset\merged\Pneumo_Positive\20251028334-1.nii.gz,20251028334-1.nii.gz,ok,3.4205667972564697,0.36810302734375,-155.59580993652344,-293.87874603271484,-1797.5,217.04286193847656,-39.909996032714844,-1297.5,
C:\Users\User1\pneumo_dataset\merged\Pneumo_Positive\20251028335-1.nii.gz,20251028335-1.nii.gz,ok,3.9924418926239014,0.302734375,-161.36001586914062,-290.3275146484375,-1555.9000244140625,191.63998413085938,-44.1927490234375,-1030.9000244140625,
C:\Users\User1\pneumo_dataset\merged\Pneumo_Positive\20251028336-1.nii.gz,20251028336-1.nii.gz,ok,3.9343204498291016,0.302734375,-174.7515411376953,-267.9605484008789,-754.6749877929688,178.2484588623047,-21.825782775878906,-204.67498779296875,
C:\Users\User1\pneumo_dataset\merged\Pneumo_Positive\20251028337-1.nii.gz,20251028337-1.nii.gz,ok,3.2456483840942383,0.2886924743652344,-163.00123596191406,-294.84932804107666,-868.7000122070312,192.10618591308594,11.38309383392334,-403.70001220703125,
C:\Users\User1\pneumo_dataset\merged\Pneumo_Positive\20251028338-1.nii.gz,20251028338-1.nii.gz,ok,3.18631911277771,0.275848388671875,-173.78326416015625,-295.1837329864502,-1220.0999755859375,172.20111083984375,-19.388811111450195,-755.0999755859375,
C:\Users\User1\pneumo_dataset\merged\Pneumo_Positive\20251028340-1.nii.gz,20251028340-1.nii.gz,ok,4.057495594024658,0.394989013671875,-193.46875,-299.625,-1687.4000244140625,218.28125,-25.40625,-1132.4000244140625,
C:\Users\User1\pneumo_dataset\merged\Pneumo_Positive\20251028342-1.nii.gz,20251028342-1.nii.gz,ok,1.8518824577331543,0.5234375,-150.30886840820312,-294.68400967121124,-491.0535205602646,164.69113159179688,-75.94097864627838,-32.05175054073334,
C:\Users\User1\pneumo_dataset\merged\Pneumo_Positive\20251028343-1.nii.gz,20251028343-1.nii.gz,ok,3.672811985015869,0.27734375,-135.69528198242188,-296.7580738067627,-1565.699951171875,172.30471801757812,-74.1799488067627,-1090.699951171875,
C:\Users\User1\pneumo_dataset\merged\Pneumo_Positive\20251028344-1.nii.gz,20251028344-1.nii.gz,ok,3.3593697547912598,0.467041015625,-176.34771728515625,-297.5918960571289,-1257.0,253.24603271484375,-28.185646057128906,-757.0,
C:\Users\User1\pneumo_dataset\merged\Pneumo_Positive\20251028347-1.nii.gz,20251028347-1.nii.gz,ok,3.5114028453826904,0.263671875,-201.69461059570312,-275.6949157714844,-894.9329833984375,195.30538940429688,16.627349853515625,-424.9329833984375,
C:\Users\User1\pneumo_dataset\merged\Pneumo_Positive\20251028350-1.nii.gz,20251028350-1.nii.gz,ok,4.453798532485962,0.32946014404296875,-184.78515625,-299.92578125,-2008.9000244140625,208.3984375,-13.24609375,-1398.9000244140625,
C:\Users\User1\pneumo_dataset\merged\Pneumo_Positive\20251028351-1.nii.gz,20251028351-1.nii.gz,ok,4.25771164894104,0.4024925231933594,-188.37843322753906,-285.1656188964844,-848.1849975585938,182.09812927246094,-32.251556396484375,-288.18499755859375,
C:\Users\User1\pneumo_dataset\merged\Pneumo_Positive\20251028352-1.nii.gz,20251028352-1.nii.gz,ok,3.5689125061035156,0.22836685180664062,-165.01953125,-298.77002334594727,-1151.199951171875,202.876953125,2.5053672790527344,-651.199951171875,
C:\Users\User1\pneumo_dataset\merged\Pneumo_Positive\20251028355-1.nii.gz,20251028355-1.nii.gz,ok,5.1618492603302,0.3118934631347656,-220.99371337890625,-269.83998107910156,-79.7509994506836,191.19964599609375,14.904159545898438,605.2490005493164,
C:\Users\User1\pneumo_dataset\merged\Pneumo_Positive\20251028358-1.nii.gz,20251028358-1.nii.gz,ok,3.4656083583831787,0.26953125,-148.49359130859375,-280.49359130859375,-1220.6619873046875,141.50640869140625,-68.65765380859375,-800.6619873046875,
C:\Users\User1\pneumo_dataset\merged\Pneumo_Positive\20251028360-1.nii.gz,20251028360-1.nii.gz,ok,3.8463146686553955,0.3457794189453125,-222.22915649414062,-290.4867172241211,-947.52099609375,189.88021850585938,-7.779685974121094,-397.52099609375,
C:\Users\User1\pneumo_dataset\merged\Pneumo_Positive\20251028362-1.nii.gz,20251028362-1.nii.gz,ok,4.633935213088989,0.4301185607910156,-193.82052612304688,-282.70880126953125,-957.1859741210938,201.11306762695312,-49.51739501953125,-367.18597412109375,
C:\Users\User1\pneumo_dataset\merged\Pneumo_Positive\20251028366-1.nii.gz,20251028366-1.nii.gz,ok,4.645773887634277,0.455078125,-182.05921936035156,-269.5411071777344,-934.8880004882812,227.94078063964844,-46.123138427734375,-364.88800048828125,
C:\Users\User1\pneumo_dataset\merged\Pneumo_Positive\20251028366-2.nii.gz,20251028366-2.nii.gz,ok,2.39762282371521,0.2314814814814815,-192.44457995891582,-245.30115163326266,-1228.9769807457924,222.91103920340538,-80.65123622491956,-699.7769897580148,
C:\Users\User1\pneumo_dataset\merged\Pneumo_Positive\20251028367-1.nii.gz,20251028367-1.nii.gz,ok,5.282889366149902,0.177734375,-166.93504333496094,-284.64240646362305,-1259.7550048828125,154.06495666503906,-20.695140838623047,-715.7550048828125,
C:\Users\User1\pneumo_dataset\merged\Pneumo_Positive\20251028370-1.nii.gz,20251028370-1.nii.gz,ok,5.088926792144775,0.064453125,-193.76742553710938,-290.329345703125,-860.0390014648438,199.23257446289062,77.340576171875,-270.03900146484375,
C:\Users\User1\pneumo_dataset\merged\Pneumo_Positive\20251028371-1.nii.gz,20251028371-1.nii.gz,ok,3.2871363162994385,0.36931610107421875,-200.19529724121094,-278.5766258239746,-160.36907958984375,170.08790588378906,-28.72896957397461,319.63092041015625,
C:\Users\User1\pneumo_dataset\merged\Pneumo_Positive\20251028373-1.nii.gz,20251028373-1.nii.gz,ok,3.234637498855591,0.259765625,-182.783203125,-279.1240005493164,-1136.1920166015625,184.216796875,-7.457984924316406,-671.1920166015625,
C:\Users\User1\pneumo_dataset\merged\Pneumo_Positive\20251028376-1.nii.gz,20251028376-1.nii.gz,ok,2.6680874824523926,0.03361344537815125,-225.51567593216907,-243.2290349751711,-8.216199278831368,227.66006091237068,24.07739673554903,544.5392745733261,
C:\Users\User1\pneumo_dataset\merged\Pneumo_Positive\20251028387-1.nii.gz,20251028387-1.nii.gz,ok,3.4455432891845703,0.357421875,-149.12734985351562,-283.6067199707031,-839.9119873046875,220.87265014648438,-45.852813720703125,-339.9119873046875,
C:\Users\User1\pneumo_dataset\merged\Pneumo_Positive\20251028388-1.nii.gz,20251028388-1.nii.gz,ok,3.725519895553589,0.142578125,-196.58848571777344,-277.1898422241211,-931.4190063476562,176.41151428222656,42.628517150878906,-421.41900634765625,
C:\Users\User1\pneumo_dataset\merged\Pneumo_Positive\20251028389-1.nii.gz,20251028389-1.nii.gz,ok,3.7239325046539307,0.353515625,-193.7163543701172,-277.79571533203125,-923.072998046875,219.2836456298828,-10.79766845703125,-423.072998046875,
C:\Users\User1\pneumo_dataset\merged\Pneumo_Positive\20251028394-1.nii.gz,20251028394-1.nii.gz,ok,3.5132853984832764,0.23671497584541068,-204.2215975522996,-254.49238204956055,-1225.6379662156105,238.1783949136734,-19.492382049560547,-646.0379760861398,
C:\Users\User1\pneumo_dataset\merged\Pneumo_Negative\20251028001-1.nii.gz,20251028001-1.nii.gz,ok,4.303208827972412,0.24291610717773438,-206.4002685546875,-298.6310729980469,-1263.300048828125,211.8028564453125,26.822052001953125,-708.300048828125,
C:\Users\User1\pneumo_dataset\merged\Pneumo_Negative\20251028002-1.nii.gz,20251028002-1.nii.gz,ok,3.5736892223358154,0.2986030578613281,-154.71063232421875,-296.90234375,-302.699951171875,194.61944580078125,-41.005859375,167.300048828125,
C:\Users\User1\pneumo_dataset\merged\Pneumo_Negative\20251028004-1.nii.gz,20251028004-1.nii.gz,ok,3.75083065032959,0.39426422119140625,-183.5322723388672,-279.82342529296875,-1029.3270263671875,154.3778839111328,-41.00506591796875,-524.3270263671875,
C:\Users\User1\pneumo_dataset\merged\Pneumo_Negative\20251028009-1.nii.gz,20251028009-1.nii.gz,ok,3.990469217300415,0.31827545166015625,-207.9239044189453,-284.9546813964844,-875.7760009765625,167.5331268310547,2.662506103515625,-345.7760009765625,
C:\Users\User1\pneumo_dataset\merged\Pneumo_Negative\20251028012-1.nii.gz,20251028012-1.nii.gz,ok,4.158308267593384,0.329498291015625,-188.3601531982422,-278.1539001464844,-1103.4300537109375,238.2804718017578,12.432037353515625,-563.4300537109375,
C:\Users\User1\pneumo_dataset\merged\Pneumo_Negative\20251028014-1.nii.gz,20251028014-1.nii.gz,ok,4.929685831069946,0.40180206298828125,-222.21630859375,-290.1803283691406,-134.33999633789062,195.34814453125,-14.090484619140625,490.6600036621094,
C:\Users\User1\pneumo_dataset\merged\Pneumo_Negative\20251028016-1.nii.gz,20251028016-1.nii.gz,ok,4.597289800643921,0.18609619140625,-250.38034057617188,-302.6800842285156,-1580.4000244140625,245.71340942382812,107.47616577148438,-990.4000244140625,
C:\Users\User1\pneumo_dataset\merged\Pneumo_Negative\20251028016-2.nii.gz,20251028016-2.nii.gz,ok,4.6442177295684814,0.15234375,-202.32443237304688,-292.244873046875,-1077.6319580078125,233.67556762695312,77.333251953125,-492.6319580078125,
C:\Users\User1\pneumo_dataset\merged\Pneumo_Negative\20251028017-1.nii.gz,20251028017-1.nii.gz,ok,2.8478827476501465,0.349609375,-223.1219940185547,-282.1500015258789,-1077.97802734375,160.8780059814453,-32.400001525878906,-677.97802734375,
C:\Users\User1\pneumo_dataset\merged\Pneumo_Negative\20251028018-1.nii.gz,20251028018-1.nii.gz,ok,4.4929516315460205,0.3489799499511719,-206.47265625,-294.955078125,-812.7999877929688,203.255859375,-2.53125,-232.79998779296875,
C:\Users\User1\pneumo_dataset\merged\Pneumo_Negative\20251028020-1.nii.gz,20251028020-1.nii.gz,ok,4.271080255508423,0.36676025390625,-214.67236328125,-302.2754821777344,-61.86000061035156,251.14794921875,7.029205322265625,508.13999938964844,
C:\Users\User1\pneumo_dataset\merged\Pneumo_Negative\20251028021-1.nii.gz,20251028021-1.nii.gz,ok,2.019798755645752,0.228515625,-243.02543652057648,-259.7003226354718,35.3129768371582,219.93924230337143,-9.388222590088844,604.5989265441895,
C:\Users\User1\pneumo_dataset\merged\Pneumo_Negative\20251028023-2.nii.gz,20251028023-2.nii.gz,ok,3.977614402770996,0.2421875,-155.7097930908203,-285.3580017089844,-1194.5169677734375,181.2902069091797,-29.975189208984375,-679.5169677734375,
C:\Users\User1\pneumo_dataset\merged\Pneumo_Negative\20251028028-1.nii.gz,20251028028-1.nii.gz,ok,3.098818302154541,0.49724578857421875,-194.99609375,-301.4265441894531,-1027.0,219.302734375,-65.42263793945312,-597.0,
C:\Users\User1\pneumo_dataset\merged\Pneumo_Negative\20251028029-1.nii.gz,20251028029-1.nii.gz,ok,3.143219470977783,0.41015625,-160.71376037597656,-280.1664047241211,-99.63600158691406,218.28623962402344,-56.615623474121094,360.36399841308594,
C:\Users\User1\pneumo_dataset\merged\Pneumo_Negative\20251028033-1.nii.gz,20251028033-1.nii.gz,ok,4.848009824752808,0.1796875,-188.85638427734375,-285.05585861206055,-552.9669799804688,182.14361572265625,19.280078887939453,-40.96697998046875,
C:\Users\User1\pneumo_dataset\merged\Pneumo_Negative\20251028037-1.nii.gz,20251028037-1.nii.gz,ok,3.5570194721221924,0.21484375,-139.43359375,-290.237566947937,-1135.0999755859375,170.56640625,-46.83912944793701,-675.0999755859375,
C:\Users\User1\pneumo_dataset\merged\Pneumo_Negative\20251028038-1.nii.gz,20251028038-1.nii.gz,ok,4.133838415145874,0.28896882494004794,-250.62301164865505,-205.03233090043068,12.906395614147286,213.6721099615097,-23.98953241109848,597.4064057469368,
C:\Users\User1\pneumo_dataset\merged\Pneumo_Negative\20251028040-1.nii.gz,20251028040-1.nii.gz,ok,2.9857823848724365,0.4980964660644531,-227.46340942382812,-297.3591613769531,-804.2999877929688,182.65768432617188,-22.402130126953125,-344.29998779296875,
C:\Users\User1\pneumo_dataset\merged\Pneumo_Negative\20251028041-1.nii.gz,20251028041-1.nii.gz,ok,1.7919635772705078,0.021653543307086576,-183.05750131607067,-245.7349657043815,-706.2244237661362,212.02674508094788,-52.479667380452156,-211.02757275104528,
C:\Users\User1\pneumo_dataset\merged\Pneumo_Negative\20251028042-1.nii.gz,20251028042-1.nii.gz,ok,4.028066158294678,0.39786529541015625,-210.66253662109375,-295.84875106811523,-1476.199993133545,189.75347900390625,-6.040157318115234,-896.1561527252197,
C:\Users\User1\pneumo_dataset\merged\Pneumo_Negative\20251028043-1.nii.gz,20251028043-1.nii.gz,ok,1.3520736694335938,0.21875,-191.15754294395447,-261.0662956237793,-695.8431152105331,191.2191755771637,-41.0662956237793,-206.4009155035019,
C:\Users\User1\pneumo_dataset\merged\Pneumo_Negative\20251028044-1.nii.gz,20251028044-1.nii.gz,ok,3.480257272720337,0.4221229553222656,-221.5878448486328,-299.6780433654785,-1451.4999799728394,193.3672332763672,-13.898746490478516,-906.2058825492859,
C:\Users\User1\pneumo_dataset\merged\Pneumo_Negative\20251028044-2.nii.gz,20251028044-2.nii.gz,ok,1.3887455463409424,0.265625,-158.19093096256256,-322.384992569685,-834.2260497808456,178.23264980316162,1.4839833080768585,-284.9010375738144,
C:\Users\User1\pneumo_dataset\merged\Pneumo_Negative\20251028045-1.nii.gz,20251028045-1.nii.gz,ok,2.9416706562042236,0.36328125,-177.94485473632812,-295.79023361206055,-1031.489990234375,203.05514526367188,-53.20038986206055,-586.489990234375,
C:\Users\User1\pneumo_dataset\merged\Pneumo_Negative\20251028046-1.nii.gz,20251028046-1.nii.gz,ok,3.413308620452881,0.37160491943359375,-205.18905639648438,-291.88145446777344,-1583.5,218.15078735351562,-23.766220092773438,-1078.5,
C:\Users\User1\pneumo_dataset\merged\Pneumo_Negative\20251028047-1.nii.gz,20251028047-1.nii.gz,ok,3.2474822998046875,0.4264030456542969,-216.0859375,-283.85279846191406,-1140.5,234.546875,-5.0637359619140625,-650.5,
C:\Users\User1\pneumo_dataset\merged\Pneumo_Negative\20251028048-1.nii.gz,20251028048-1.nii.gz,ok,3.5264716148376465,0.44660186767578125,-189.875,-297.75,-1480.699951171875,199.5,-12.5,-920.3115997314453,
C:\Users\User1\pneumo_dataset\merged\Pneumo_Negative\20251028049-1.nii.gz,20251028049-1.nii.gz,ok,4.447252511978149,0.3112030029296875,-217.30064392089844,-288.97106170654297,-812.9429931640625,223.76966857910156,40.03870391845703,-197.9429931640625,
C:\Users\User1\pneumo_dataset\merged\Pneumo_Negative\20251028050-1.nii.gz,20251028050-1.nii.gz,ok,3.655198097229004,0.2101287841796875,-200.2265625,-300.0625,-1573.4000244140625,194.2265625,13.953125,-1058.4000244140625,
C:\Users\User1\pneumo_dataset\merged\Pneumo_Negative\20251028050-2.nii.gz,20251028050-2.nii.gz,ok,4.232970476150513,0.36993408203125,-202.123046875,-296.158203125,-1217.5,217.345703125,-14.5390625,-665.1236338615417,
C:\Users\User1\pneumo_dataset\merged\Pneumo_Negative\20251028053-1.nii.gz,20251028053-1.nii.gz,ok,4.508573770523071,0.22265625,-243.81207275390625,-285.9742202758789,-1272.8489990234375,163.18792724609375,30.404685974121094,-667.8489990234375,
C:\Users\User1\pneumo_dataset\merged\Pneumo_Negative\20251028057-1.nii.gz,20251028057-1.nii.gz,ok,2.367363214492798,0.2762430939226519,-185.3844485282899,-243.86533787846568,-483.7086180448531,189.7863826751709,-85.69766768813133,6.29139769077301,
C:\Users\User1\pneumo_dataset\merged\Pneumo_Negative\20251028061-1.nii.gz,20251028061-1.nii.gz,ok,2.4010565280914307,0.0017421602787456303,-200.3112425208093,-271.4410171508789,-1019.8379837870597,201.09640502929688,-31.441017150878906,-497.2374513745308,
C:\Users\User1\pneumo_dataset\merged\Pneumo_Negative\20251028062-1.nii.gz,20251028062-1.nii.gz,ok,3.9847631454467773,0.216796875,-191.69679260253906,-281.54375076293945,-872.2979736328125,209.30320739746094,32.52070236206055,-362.2979736328125,
C:\Users\User1\pneumo_dataset\merged\Pneumo_Negative\20251028064-1.nii.gz,20251028064-1.nii.gz,ok,3.6985538005828857,0.359375,-202.2100830078125,-293.42312240600586,-1075.0,214.7899169921875,-26.28249740600586,-560.0,
C:\Users\User1\pneumo_dataset\merged\Pneumo_Negative\20251028068-1.nii.gz,20251028068-1.nii.gz,ok,3.3180832862854004,0.365234375,-207.17205810546875,-289.8688735961914,-62.64899826049805,220.82794189453125,-18.189186096191406,412.35100173950195,
C:\Users\User1\pneumo_dataset\merged\Pneumo_Negative\20251028069-1.nii.gz,20251028069-1.nii.gz,ok,3.633247137069702,0.4376869201660156,-249.046875,-305.0687484741211,-1632.97998046875,232.3984375,-13.076560974121094,-1107.97998046875,
C:\Users\User1\pneumo_dataset\merged\Pneumo_Negative\20251028070-1.nii.gz,20251028070-1.nii.gz,ok,1.5165987014770508,0.025193798449612448,-137.45515823364263,-276.29597460851073,-694.466193318367,188.79144975543022,-72.9220111723989,-248.06951439380651,
C:\Users\User1\pneumo_dataset\merged\Pneumo_Negative\20251028073-1.nii.gz,20251028073-1.nii.gz,ok,3.9332523345947266,0.3881988525390625,-197.72100830078125,-275.5422058105469,-158.58200073242188,215.10125732421875,-5.331268310546875,356.4179992675781,
C:\Users\User1\pneumo_dataset\merged\Pneumo_Negative\20251028074-1.nii.gz,20251028074-1.nii.gz,ok,4.116402626037598,0.13671875,-125.05546569824219,-324.95844650268555,-456.62005615234375,214.2804718017578,-32.01609420776367,98.37994384765625,
C:\Users\User1\pneumo_dataset\merged\Pneumo_Negative\20251028075-1.nii.gz,20251028075-1.nii.gz,ok,4.057482719421387,0.3133544921875,-188.580078125,-297.68359375,-547.5,217.357421875,19.455078125,22.255020141601562,
C:\Users\User1\pneumo_dataset\merged\Pneumo_Negative\20251028078-1.nii.gz,20251028078-1.nii.gz,ok,2.9329748153686523,0.41162109375,-209.375,-294.375,-445.0999755859375,212.375,-14.375,70.69547510147095,
C:\Users\User1\pneumo_dataset\merged\Pneumo_Negative\20251028080-1.nii.gz,20251028080-1.nii.gz,ok,3.7764925956726074,0.307403564453125,-211.10958862304688,-280.80548095703125,-1044.8050537109375,205.25759887695312,9.83514404296875,-544.8050537109375,
C:\Users\User1\pneumo_dataset\merged\Pneumo_Negative\20251028081-1.nii.gz,20251028081-1.nii.gz,ok,3.281480550765991,0.3685951232910156,-175.3973388671875,-285.3440628051758,-1236.6519775390625,169.3096923828125,-34.58234405517578,-756.6519775390625,
C:\Users\User1\pneumo_dataset\merged\Pneumo_Negative\20251028082-1.nii.gz,20251028082-1.nii.gz,ok,4.078811883926392,0.5499801635742188,-228.95687866210938,-239.703125,-1370.56396484375,204.32437133789062,-8.3125,-790.56396484375,
C:\Users\User1\pneumo_dataset\merged\Pneumo_Negative\20251028087-1.nii.gz,20251028087-1.nii.gz,ok,3.891895294189453,0.5422935485839844,-174.078125,-298.59375,-1851.3001017570496,217.3203125,-33.6328125,-1291.3000483512878,
C:\Users\User1\pneumo_dataset\merged\Pneumo_Negative\20251028088-1.nii.gz,20251028088-1.nii.gz,ok,1.486269474029541,0.234375,-202.32551090419292,-262.0842121988535,-639.2041229009628,196.64528401196003,-37.2921137958765,-129.80098569393158,
C:\Users\User1\pneumo_dataset\merged\Pneumo_Negative\20251028089-1.nii.gz,20251028089-1.nii.gz,ok,3.615690231323242,0.375,-199.716796875,-296.54296875,-1559.699951171875,201.283203125,-45.91796875,-1044.699951171875,
C:\Users\User1\pneumo_dataset\merged\Pneumo_Negative\20251028090-1.nii.gz,20251028090-1.nii.gz,ok,3.8945775032043457,0.39190673828125,-190.12820434570312,-300.294132232666,-384.9999694824219,228.47726440429688,-17.778507232666016,165.00003051757812,
C:\Users\User1\pneumo_dataset\merged\Pneumo_Negative\20251028091-1.nii.gz,20251028091-1.nii.gz,ok,3.304049491882324,0.4129486083984375,-201.81857299804688,-277.9929656982422,-825.1950073242188,229.06228637695312,1.5929718017578125,-340.19500732421875,
C:\Users\User1\pneumo_dataset\merged\Pneumo_Negative\20251028094-1.nii.gz,20251028094-1.nii.gz,ok,3.528379201889038,0.3887901306152344,-181.880859375,-299.4375,-771.3999633789062,213.8671875,-38.548828125,-306.39996337890625,
C:\Users\User1\pneumo_dataset\merged\Pneumo_Negative\20251028095-1.nii.gz,20251028095-1.nii.gz,ok,2.3668174743652344,0.37556212524983346,-162.43420046567928,-278.88002796471125,-1476.915046095848,182.02408093214035,-36.744688510894804,-937.8851729631425,
C:\Users\User1\pneumo_dataset\merged\Pneumo_Negative\20251028096-1.nii.gz,20251028096-1.nii.gz,ok,4.8161656856536865,0.3459930419921875,-223.11000061035156,-281.31561279296875,-59.05400085449219,185.33531188964844,34.34063720703125,540.9459991455078,
C:\Users\User1\pneumo_dataset\merged\Pneumo_Negative\20251028097-1.nii.gz,20251028097-1.nii.gz,ok,2.949979066848755,0.38671875,-178.71192932128906,-278.60546875,-813.0809936523438,182.28807067871094,-57.2109375,-383.08099365234375,
C:\Users\User1\pneumo_dataset\merged\Pneumo_Negative\20251028098-1.nii.gz,20251028098-1.nii.gz,ok,2.9499292373657227,0.10693641618497107,-219.10947808623325,-266.9464483037591,-837.7569985985755,225.32626943290234,-33.184542521834345,-353.35700684785843,
C:\Users\User1\pneumo_dataset\merged\Pneumo_Negative\20251028099-1.nii.gz,20251028099-1.nii.gz,ok,3.804154872894287,0.3564414978027344,-203.87646484375,-301.6864700317383,-1604.68994140625,207.76220703125,-11.266548156738281,-1069.68994140625,
C:\Users\User1\pneumo_dataset\merged\Pneumo_Negative\20251028101-1.nii.gz,20251028101-1.nii.gz,ok,1.6790332794189453,0.166015625,-217.64384750276804,-263.3917007371783,-1080.5650848150253,227.79131930321455,-10.225169019773602,-551.2010101079941,
C:\Users\User1\pneumo_dataset\merged\Pneumo_Negative\20251028103-1.nii.gz,20251028103-1.nii.gz,ok,4.059651851654053,0.31939697265625,-194.2271270751953,-274.0292510986328,-1343.6729736328125,207.3978729248047,8.064498901367188,-783.6729736328125,
C:\Users\User1\pneumo_dataset\merged\Pneumo_Negative\20251028106-1.nii.gz,20251028106-1.nii.gz,ok,4.030948877334595,0.26953125,-214.701171875,-296.990234375,88.20004272460938,194.298828125,1.771484375,643.2000427246094,
C:\Users\User1\pneumo_dataset\merged\Pneumo_Negative\20251028107-1.nii.gz,20251028107-1.nii.gz,ok,3.6447081565856934,0.3154029846191406,-188.6043701171875,-296.9194984436035,-1146.5,173.3702392578125,-25.253482818603516,-631.5,
C:\Users\User1\pneumo_dataset\merged\Pneumo_Negative\20251028109-1.nii.gz,20251028109-1.nii.gz,ok,2.56461763381958,0.2674731182795699,-184.24431742727768,-242.62926985323432,-830.8495443463324,187.06806956231594,-53.43754988908768,-331.74957686662674,
C:\Users\User1\pneumo_dataset\merged\Pneumo_Negative\20251028110-1.nii.gz,20251028110-1.nii.gz,ok,3.2854630947113037,0.23828125,-167.94338989257812,-272.0669689178467,-504.4100036621094,139.05661010742188,-38.21931266784668,-44.410003662109375,
C:\Users\User1\pneumo_dataset\merged\Pneumo_Negative\20251028111-1.nii.gz,20251028111-1.nii.gz,ok,1.3573322296142578,0.263671875,-176.0114592909813,-271.3405485674739,-1039.8244171142578,181.3094493150711,-35.252482164651155,-540.8009796142578,
C:\Users\User1\pneumo_dataset\merged\Pneumo_Negative\20251028112-1.nii.gz,20251028112-1.nii.gz,ok,3.130383253097534,0.36328125,-249.13633728027344,-283.66825103759766,-873.802978515625,184.86366271972656,-7.332313537597656,-418.802978515625,
C:\Users\User1\pneumo_dataset\merged\Pneumo_Negative\20251028114-1.nii.gz,20251028114-1.nii.gz,ok,1.8863048553466797,0.22594752186588918,-138.36680836603045,-272.61508232099004,-664.2869844662605,176.03654604777694,-78.39924081950448,-198.43070172725947,
C:\Users\User1\pneumo_dataset\merged\Pneumo_Negative\20251028115-1.nii.gz,20251028115-1.nii.gz,ok,3.5368518829345703,0.0522932842391739,-207.3561646938325,-242.24373555928472,-447.8489544391631,245.01308739185333,-2.93751423060894,105.02256631851196,
C:\Users\User1\pneumo_dataset\merged\Pneumo_Negative\20251028117-1.nii.gz,20251028117-1.nii.gz,ok,3.829402446746826,0.2727775573730469,-178.27734375,-292.12890625,-363.39996337890625,185.21875,-18.2421875,166.6481328010559,
C:\Users\User1\pneumo_dataset\merged\Pneumo_Negative\20251028118-1.nii.gz,20251028118-1.nii.gz,ok,3.447504997253418,0.39208984375,-219.76953125,-297.9765625,-328.29998779296875,211.1171875,-21.1015625,166.70001220703125,
C:\Users\User1\pneumo_dataset\merged\Pneumo_Negative\20251028119-1.nii.gz,20251028119-1.nii.gz,ok,2.325514078140259,0.08591065292096223,-177.94318866729748,-256.5863265991211,-144.66635465621937,190.71572971343994,-31.586326599121094,380.60330724716187,
C:\Users\User1\pneumo_dataset\merged\Pneumo_Negative\20251028125-1.nii.gz,20251028125-1.nii.gz,ok,1.3375048637390137,0.240234375,-195.5293768644333,-273.8990844413638,-1096.8337432742119,172.4649270027876,-55.71048328280449,-602.6009246706963,
C:\Users\User1\pneumo_dataset\merged\Pneumo_Negative\20251028126-1.nii.gz,20251028126-1.nii.gz,ok,2.26511287689209,0.12650602409638556,-208.36489447951328,-244.6464899145067,-352.46798831224436,203.98236958682537,-42.08606246486306,112.3320037722587,
C:\Users\User1\pneumo_dataset\merged\Pneumo_Negative\20251028129-1.nii.gz,20251028129-1.nii.gz,ok,4.314173698425293,0.4428443908691406,-189.45773315429688,-280.6694641113281,-1219.9420166015625,202.44656372070312,-4.183135986328125,-664.9420166015625,
C:\Users\User1\pneumo_dataset\merged\Pneumo_Negative\20251028130-1.nii.gz,20251028130-1.nii.gz,ok,3.077036142349243,0.271484375,-186.22059631347656,-284.2640609741211,-12.876999855041504,167.77940368652344,-26.369529724121094,422.1230001449585,
C:\Users\User1\pneumo_dataset\merged\Pneumo_Negative\20251028131-1.nii.gz,20251028131-1.nii.gz,ok,3.6794512271881104,0.2761383056640625,-170.9228973388672,-299.479923248291,-1545.300048828125,219.3036651611328,-5.643985748291016,-1020.300048828125,
C:\Users\User1\pneumo_dataset\merged\Pneumo_Negative\20251028133-1.nii.gz,20251028133-1.nii.gz,ok,3.733217716217041,0.2932281494140625,-160.08953857421875,-290.41515731811523,-1232.866943359375,211.71905517578125,-24.524532318115234,-712.866943359375,
C:\Users\User1\pneumo_dataset\merged\Pneumo_Negative\20251028134-1.nii.gz,20251028134-1.nii.gz,ok,4.266686677932739,0.34185028076171875,-191.52899169921875,-290.3089904785156,-996.5789794921875,202.39678955078125,-2.564849853515625,-446.5789794921875,
C:\Users\User1\pneumo_dataset\merged\Pneumo_Negative\20251028136-1.nii.gz,20251028136-1.nii.gz,ok,4.233476400375366,0.224609375,-191.46640014648438,-294.15625,-1609.550048828125,158.53359985351562,-22.76953125,-1069.550048828125,
C:\Users\User1\pneumo_dataset\merged\Pneumo_Negative\20251028138-1.nii.gz,20251028138-1.nii.gz,ok,3.1496763229370117,0.4915275573730469,-199.92721557617188,-286.5684242248535,-825.2000122070312,192.87942504882812,-50.550846099853516,-360.20001220703125,
C:\Users\User1\pneumo_dataset\merged\Pneumo_Negative\20251028141-1.nii.gz,20251028141-1.nii.gz,ok,3.8666329383850098,0.3382110595703125,-189.22564697265625,-296.29793548583984,-1713.699951171875,233.85638427734375,30.385658264160156,-1168.699951171875,
C:\Users\User1\pneumo_dataset\merged\Pneumo_Negative\20251028144-1.nii.gz,20251028144-1.nii.gz,ok,3.8998918533325195,0.341796875,-226.5771942138672,-295.6953582763672,-1273.2000122070312,234.4228057861328,7.7362823486328125,-723.2000122070312,
C:\Users\User1\pneumo_dataset\merged\Pneumo_Negative\20251028145-1.nii.gz,20251028145-1.nii.gz,ok,4.389263391494751,0.4861602783203125,-199.1171875,-284.9781188964844,-962.8759765625,239.359375,7.990631103515625,-387.8759765625,
C:\Users\User1\pneumo_dataset\merged\Pneumo_Negative\20251028147-1.nii.gz,20251028147-1.nii.gz,ok,1.5561845302581787,0.23828125,-191.04422092437744,-272.9599609375,-1296.9744658470154,208.53323936462402,-27.9599609375,-772.4009795188904,
C:\Users\User1\pneumo_dataset\merged\Pneumo_Negative\20251028150-1.nii.gz,20251028150-1.nii.gz,ok,3.6639914512634277,0.365631103515625,-172.2364959716797,-289.0577697753906,-1178.300048828125,183.3103790283203,-44.799957275390625,-693.300048828125,
C:\Users\User1\pneumo_dataset\merged\Pneumo_Negative\20251028151-1.nii.gz,20251028151-1.nii.gz,ok,4.240253448486328,0.263671875,-194.2986602783203,-293.6308403015137,-1612.099853515625,209.7013397216797,3.845722198486328,-1047.099853515625,
C:\Users\User1\pneumo_dataset\merged\Pneumo_Negative\20251028152-1.nii.gz,20251028152-1.nii.gz,ok,3.0499277114868164,0.2055555555555556,-189.09274378418934,-268.7780496142805,-55.58348405361165,201.59854272007942,-3.022317122668028,449.11649954319,
C:\Users\User1\pneumo_dataset\merged\Pneumo_Negative\20251028155-1.nii.gz,20251028155-1.nii.gz,ok,3.8666818141937256,0.220703125,-180.7814483642578,-286.4807662963867,-1239.9019775390625,170.2185516357422,-12.947563171386719,-714.9019775390625,
C:\Users\User1\pneumo_dataset\merged\Pneumo_Negative\20251028158-1.nii.gz,20251028158-1.nii.gz,ok,3.9205803871154785,0.3479270935058594,-195.58799743652344,-287.4375,-852.3720092773438,215.31825256347656,8.71875,-342.37200927734375,
C:\Users\User1\pneumo_dataset\merged\Pneumo_Negative\20251028159-1.nii.gz,20251028159-1.nii.gz,ok,2.6298983097076416,0.41647597254004576,-172.8831708431245,-263.5628890991211,-1095.3383456468582,175.61680078506464,-68.5628890991211,-636.1383830308915,
C:\Users\User1\pneumo_dataset\merged\Pneumo_Negative\20251028162-1.nii.gz,20251028162-1.nii.gz,ok,4.103336811065674,0.32196807861328125,-189.95091247558594,-277.9717483520508,-845.06201171875,172.54518127441406,-10.713935852050781,-285.06201171875,
C:\Users\User1\pneumo_dataset\merged\Pneumo_Negative\20251028166-1.nii.gz,20251028166-1.nii.gz,ok,2.216398239135742,0.1468646864686468,-173.74609008431446,-261.1442655446008,-350.46858328580845,178.35176764428616,-69.03157856361938,183.76651006937027,
C:\Users\User1\pneumo_dataset\merged\Pneumo_Negative\20251028167-1.nii.gz,20251028167-1.nii.gz,ok,2.211775779724121,0.0,-189.2856085896493,-257.3863296508789,-997.1100414395332,198.9447801709175,-32.386329650878906,-491.14913767576223,
C:\Users\User1\pneumo_dataset\merged\Pneumo_Negative\20251028168-1.nii.gz,20251028168-1.nii.gz,ok,3.7821736335754395,0.259765625,-217.94276428222656,-283.0672950744629,-1139.6319580078125,161.05723571777344,-2.5184669494628906,-619.6319580078125,
C:\Users\User1\pneumo_dataset\merged\Pneumo_Negative\20251028170-1.nii.gz,20251028170-1.nii.gz,ok,3.18536639213562,0.3316708229426434,-180.96304363012325,-248.64732041582468,-1092.5653202533722,169.56945234537125,-44.87766730412841,-582.9652965068818,
C:\Users\User1\pneumo_dataset\merged\Pneumo_Negative\20251028172-1.nii.gz,20251028172-1.nii.gz,ok,3.8187663555145264,0.279296875,-196.6942901611328,-278.52732849121094,-799.2550048828125,172.3057098388672,-12.587875366210938,-274.2550048828125,
C:\Users\User1\pneumo_dataset\merged\Pneumo_Negative\20251028173-1.nii.gz,20251028173-1.nii.gz,ok,3.597792387008667,0.44164276123046875,-203.0994873046875,-299.57342529296875,-1134.800048828125,218.2481689453125,-62.46209716796875,-644.800048828125,
C:\Users\User1\pneumo_dataset\merged\Pneumo_Negative\20251028175-1.nii.gz,20251028175-1.nii.gz,ok,1.4634180068969727,0.2421875,-166.4434860944748,-263.8239402770996,-247.23375236988068,208.09234488010406,-28.82394027709961,246.99909675121307,
C:\Users\User1\pneumo_dataset\merged\Pneumo_Negative\20251028177-1.nii.gz,20251028177-1.nii.gz,ok,4.869807004928589,0.296875,-182.37818908691406,-281.2793731689453,-827.6890258789062,205.62181091308594,-8.466873168945312,-192.68902587890625,
C:\Users\User1\pneumo_dataset\merged\Pneumo_Negative\20251028178-1.nii.gz,20251028178-1.nii.gz,ok,1.5833005905151367,0.171875,-174.20537246763706,-280.62542414292693,-440.1040862798691,234.7456997781992,-10.040884640067816,69.29905092716217,
C:\Users\User1\pneumo_dataset\merged\Pneumo_Negative\20251028180-1.nii.gz,20251028180-1.nii.gz,ok,3.699843645095825,0.4281501770019531,-184.02806091308594,-293.81798553466797,-1640.5999689102173,209.09107971191406,-23.60118865966797,-1115.5019364356995,
C:\Users\User1\pneumo_dataset\merged\Pneumo_Negative\20251028183-1.nii.gz,20251028183-1.nii.gz,ok,3.3273508548736572,0.25,-176.74095153808594,-274.8269844055176,-910.489990234375,142.25904846191406,-35.57698440551758,-475.489990234375,
C:\Users\User1\pneumo_dataset\merged\Pneumo_Negative\20251028184-1.nii.gz,20251028184-1.nii.gz,ok,2.9197816848754883,0.2835197448730469,-231.65625,-276.9937515258789,192.86000061035156,166.0,11.287498474121094,602.8600006103516,
C:\Users\User1\pneumo_dataset\merged\Pneumo_Negative\20251028186-1.nii.gz,20251028186-1.nii.gz,ok,3.2276244163513184,0.40859222412109375,-157.53515625,-289.3125,-1589.0,223.1015625,-39.470703125,-1129.0,
C:\Users\User1\pneumo_dataset\merged\Pneumo_Negative\20251028187-1.nii.gz,20251028187-1.nii.gz,ok,1.4083797931671143,0.27734375,-181.32258021831512,-248.77403873205185,-227.77278435230255,180.23403695225716,-55.46217608451843,246.4991272687912,
C:\Users\User1\pneumo_dataset\merged\Pneumo_Negative\20251028188-1.nii.gz,20251028188-1.nii.gz,ok,5.522106409072876,0.22265625,-209.59445190429688,-287.3359375,-1211.89501953125,205.40554809570312,35.26171875,-576.89501953125,
C:\Users\User1\pneumo_dataset\merged\Pneumo_Negative\20251028190-1.nii.gz,20251028190-1.nii.gz,ok,4.205695867538452,0.359375,-223.7357635498047,-281.82672119140625,-639.1270141601562,219.2642364501953,1.97015380859375,-119.12701416015625,
C:\Users\User1\pneumo_dataset\merged\Pneumo_Negative\20251028191-1.nii.gz,20251028191-1.nii.gz,ok,1.4366662502288818,0.259765625,-217.91551518440247,-250.3960449323058,-1188.7964568138123,210.21559491753578,-45.616211608052254,-624.3010954856873,
C:\Users\User1\pneumo_dataset\merged\Pneumo_Negative\20251028192-1.nii.gz,20251028192-1.nii.gz,ok,4.216580867767334,0.328125,-202.755859375,-296.58740234375,-1264.5999755859375,178.244140625,-40.60302734375,-739.5999755859375,
C:\Users\User1\pneumo_dataset\merged\Pneumo_Negative\20251028194-1.nii.gz,20251028194-1.nii.gz,ok,2.966884136199951,0.4873046875,-192.56613159179688,-276.5218734741211,-1240.3699951171875,231.18386840820312,-29.334373474121094,-815.3699951171875,
C:\Users\User1\pneumo_dataset\merged\Pneumo_Negative\20251028195-1.nii.gz,20251028195-1.nii.gz,ok,3.183040142059326,0.29709625244140625,-170.01556396484375,-281.5640640258789,-17.81800079345703,179.25787353515625,-17.841407775878906,427.18199920654297,
C:\Users\User1\pneumo_dataset\merged\Pneumo_Negative\20251028196-1.nii.gz,20251028196-1.nii.gz,ok,3.7332816123962402,0.39443206787109375,-183.16015625,-298.599609375,-1436.300048828125,227.994140625,-30.056640625,-946.300048828125,
C:\Users\User1\pneumo_dataset\merged\Pneumo_Negative\20251028199-1.nii.gz,20251028199-1.nii.gz,ok,3.383291482925415,0.38703155517578125,-188.86459350585938,-287.6539077758789,-1145.3759765625,212.92446899414062,-0.29843902587890625,-665.3759765625,
C:\Users\User1\pneumo_dataset\merged\Pneumo_Negative\20251028200-1.nii.gz,20251028200-1.nii.gz,ok,5.232192516326904,0.22265625,-183.8248291015625,-283.3815460205078,-549.8350219726562,175.1751708984375,-4.3151397705078125,60.16497802734375,
C:\Users\User1\pneumo_dataset\merged\Pneumo_Negative\20251028202-1.nii.gz,20251028202-1.nii.gz,ok,4.35450291633606,0.3733673095703125,-194.87139892578125,-301.17486572265625,-1305.5,230.16766357421875,17.60443115234375,-745.5,
C:\Users\User1\pneumo_dataset\merged\Pneumo_Negative\20251028203-1.nii.gz,20251028203-1.nii.gz,ok,3.2963624000549316,0.46430206298828125,-235.21499633789062,-280.6750030517578,-67.63800048828125,200.72250366210938,2.4499969482421875,412.36199951171875,
C:\Users\User1\pneumo_dataset\merged\Pneumo_Negative\20251028205-1.nii.gz,20251028205-1.nii.gz,ok,3.866543769836426,0.24931506849315066,-230.80745548009884,-249.89798448234797,-989.2963985800742,226.84803599119186,31.83409074693924,-404.49638944864273,
C:\Users\User1\pneumo_dataset\merged\Pneumo_Negative\20251028210-1.nii.gz,20251028210-1.nii.gz,ok,1.46663236618042,0.244140625,-172.0005001462996,-270.774220720632,-1038.2733288619775,206.67071941122413,-28.979487337870523,-484.620389342418,
C:\Users\User1\pneumo_dataset\merged\Pneumo_Negative\20251028213-1.nii.gz,20251028213-1.nii.gz,ok,3.7166268825531006,0.3705902099609375,-215.10418701171875,-291.55596923828125,-39.981998443603516,212.32159423828125,-2.56768798828125,485.0180015563965,
C:\Users\User1\pneumo_dataset\merged\Pneumo_Negative\20251028214-1.nii.gz,20251028214-1.nii.gz,ok,3.4449548721313477,0.2114105224609375,-184.775390625,-301.1503105163574,-1069.2999877929688,165.2109375,8.982501983642578,-604.2999877929688,
C:\Users\User1\pneumo_dataset\merged\Pneumo_Negative\20251028215-1.nii.gz,20251028215-1.nii.gz,ok,3.271568775177002,0.3865165710449219,-181.35951232910156,-289.62109375,-1108.300048828125,166.01353454589844,-67.052734375,-648.300048828125,
C:\Users\User1\pneumo_dataset\merged\Pneumo_Negative\20251028218-1.nii.gz,20251028218-1.nii.gz,ok,3.152299165725708,0.3862571716308594,-202.84498596191406,-297.55345153808594,-395.0,214.03587341308594,18.046157836914062,60.0,
C:\Users\User1\pneumo_dataset\merged\Pneumo_Negative\20251028220-1.nii.gz,20251028220-1.nii.gz,ok,3.1132187843322754,0.3469429016113281,-224.27432250976562,-292.20121002197266,-963.7000122070312,216.61434936523438,3.7616806030273438,-523.7000122070312,
C:\Users\User1\pneumo_dataset\merged\Pneumo_Negative\20251028223-1.nii.gz,20251028223-1.nii.gz,ok,3.9679813385009766,0.389892578125,-214.00979614257812,-298.8225784301758,-890.0,230.38082885742188,14.864921569824219,-340.0,
C:\Users\User1\pneumo_dataset\merged\Pneumo_Negative\20251028225-1.nii.gz,20251028225-1.nii.gz,ok,3.6162049770355225,0.3739128112792969,-214.77455139160156,-286.4292984008789,-461.3500061035156,196.52427673339844,-21.732032775878906,43.649993896484375,
C:\Users\User1\pneumo_dataset\merged\Pneumo_Negative\20251028226-1.nii.gz,20251028226-1.nii.gz,ok,3.147139549255371,0.3806915283203125,-221.3409423828125,-281.56199645996094,-442.83099365234375,202.7137451171875,6.3442535400390625,47.68035840988159,
C:\Users\User1\pneumo_dataset\merged\Pneumo_Negative\20251028227-1.nii.gz,20251028227-1.nii.gz,ok,3.6444225311279297,0.2999267578125,-168.48617553710938,-283.96192169189453,-1118.85400390625,190.92007446289062,-15.856452941894531,-613.85400390625,
C:\Users\User1\pneumo_dataset\merged\Pneumo_Negative\20251028230-1.nii.gz,20251028230-1.nii.gz,ok,1.3083000183105469,0.16015625,-176.6411076784134,-274.40596771240234,-830.132061779499,196.19177293777466,-74.40596771240234,-386.2008178830147,
C:\Users\User1\pneumo_dataset\merged\Pneumo_Negative\20251028231-1.nii.gz,20251028231-1.nii.gz,ok,4.684102773666382,0.2540283203125,-199.2998809814453,-287.46812438964844,-61.784000396728516,218.0751190185547,33.84437561035156,553.2159996032715,
C:\Users\User1\pneumo_dataset\merged\Pneumo_Negative\20251028232-1.nii.gz,20251028232-1.nii.gz,ok,3.41586971282959,0.2577972412109375,-184.59075927734375,-289.95712661743164,-935.9089965820312,191.44830322265625,-6.447360992431641,-455.90899658203125,
C:\Users\User1\pneumo_dataset\merged\Pneumo_Negative\20251028233-1.nii.gz,20251028233-1.nii.gz,ok,3.3498075008392334,0.34124755859375,-196.62109375,-286.39453125,-1088.0999755859375,185.76171875,-24.36328125,-613.0999755859375,
C:\Users\User1\pneumo_dataset\merged\Pneumo_Negative\20251028235-1.nii.gz,20251028235-1.nii.gz,ok,2.6602041721343994,0.1687306501547987,-200.65888339281094,-270.44687509536743,-1051.0732353329659,218.96586108207703,9.553124904632625,-546.2732633948327,
C:\Users\User1\pneumo_dataset\merged\Pneumo_Negative\20251028236-1.nii.gz,20251028236-1.nii.gz,ok,1.221083641052246,0.26171875,-189.2324339747429,-210.63099119067192,-1003.7618377804756,180.13015097379684,-46.20121505856514,-523.9009063839912,
C:\Users\User1\pneumo_dataset\merged\Pneumo_Negative\20251028238-1.nii.gz,20251028238-1.nii.gz,ok,4.2666192054748535,0.35131072998046875,-220.29820251464844,-290.0421905517578,-1159.696044921875,201.82093811035156,28.102340698242188,-579.696044921875,
C:\Users\User1\pneumo_dataset\merged\Pneumo_Negative\20251028241-1.nii.gz,20251028241-1.nii.gz,ok,3.6414456367492676,0.32421875,-135.31640625,-290.390625,-300.5,214.68359375,-53.8671875,169.90452480316162,
C:\Users\User1\pneumo_dataset\merged\Pneumo_Negative\20251028242-1.nii.gz,20251028242-1.nii.gz,ok,3.5971710681915283,0.2947578430175781,-179.056640625,-294.580078125,-1670.9000625610352,199.359375,-6.73828125,-1090.6387748718262,
C:\Users\User1\pneumo_dataset\merged\Pneumo_Negative\20251028249-1.nii.gz,20251028249-1.nii.gz,ok,1.4278361797332764,0.2421875,-184.61143577098846,-275.1615295410156,-1081.45249325037,182.6635903120041,-50.161529541015625,-596.8009124398232,
C:\Users\User1\pneumo_dataset\merged\Pneumo_Negative\20251028254-1.nii.gz,20251028254-1.nii.gz,ok,2.6500349044799805,0.23099415204678364,-186.3786174952985,-272.53074967116123,-888.2864698767661,168.33387556672096,-12.2482278496027,-408.7864643931389,
C:\Users\User1\pneumo_dataset\merged\Pneumo_Negative\20251028255-1.nii.gz,20251028255-1.nii.gz,ok,3.8831846714019775,0.279296875,-154.30621337890625,-298.27667808532715,-1730.5,215.69378662109375,-31.61652183532715,-1235.5,
C:\Users\User1\pneumo_dataset\merged\Pneumo_Negative\20251028257-1.nii.gz,20251028257-1.nii.gz,ok,3.5832417011260986,0.36409759521484375,-240.5138702392578,-289.95843505859375,-827.72998046875,211.3142547607422,28.92437744140625,-332.72998046875,
C:\Users\User1\pneumo_dataset\merged\Pneumo_Negative\20251028258-1.nii.gz,20251028258-1.nii.gz,ok,4.27390718460083,0.24700164794921875,-212.874755859375,-284.84686279296875,-65.9010009765625,174.617431640625,19.88751220703125,459.0989990234375,
C:\Users\User1\pneumo_dataset\merged\Pneumo_Negative\20251028259-1.nii.gz,20251028259-1.nii.gz,ok,6.149794578552246,0.33984375,-212.619140625,-290.984375,-1506.7999877929688,238.380859375,6.74609375,-996.7999877929688,
C:\Users\User1\pneumo_dataset\merged\Pneumo_Negative\20251028261-1.nii.gz,20251028261-1.nii.gz,ok,7.216433525085449,0.267578125,-173.9077911376953,-283.7972660064697,-1147.4630126953125,163.0922088623047,-36.97109413146973,-622.4630126953125,
C:\Users\User1\pneumo_dataset\merged\Pneumo_Negative\20251028262-1.nii.gz,20251028262-1.nii.gz,ok,5.201833248138428,0.265625,-175.31640625,-300.3125,-1393.0,174.68359375,-43.28125,-998.0,
C:\Users\User1\pneumo_dataset\merged\Pneumo_Negative\20251028265-1.nii.gz,20251028265-1.nii.gz,ok,8.266395330429077,0.318359375,-199.76992797851562,-285.4132843017578,-1082.073974609375,225.23007202148438,4.2839813232421875,-512.073974609375,
C:\Users\User1\pneumo_dataset\merged\Pneumo_Negative\20251028270-2.nii.gz,20251028270-2.nii.gz,ok,4.315678119659424,0.1266025641025641,-204.41732698678982,-245.51923276484015,-1360.5291820764542,213.26158529520035,-75.35489281266928,-759.7291578054429,
C:\Users\User1\pneumo_dataset\merged\Pneumo_Negative\20251028271-1.nii.gz,20251028271-1.nii.gz,ok,4.44144868850708,0.07646539548022602,-183.7519248723985,-286.0974151492119,-1054.5227145552635,203.51925972104073,-30.870321527123423,-546.4956027865411,
C:\Users\User1\pneumo_dataset\merged\Pneumo_Negative\20251028272-1.nii.gz,20251028272-1.nii.gz,ok,8.209824085235596,0.3346405029296875,-201.1631317138672,-289.1312484741211,-1299.8900146484375,205.2431182861328,-16.599998474121094,-734.8900146484375,
C:\Users\User1\pneumo_dataset\merged\Pneumo_Negative\20251028274-1.nii.gz,20251028274-1.nii.gz,ok,7.866464376449585,0.24891281127929688,-206.83865356445312,-282.31678009033203,-1031.781005859375,221.75119018554688,53.88243865966797,-486.781005859375,
C:\Users\User1\pneumo_dataset\merged\Pneumo_Negative\20251028278-1.nii.gz,20251028278-1.nii.gz,ok,8.505189895629883,0.3730926513671875,-182.12484741210938,-289.3375549316406,-1009.4959716796875,206.52749633789062,-28.665679931640625,-434.4959716796875,
C:\Users\User1\pneumo_dataset\merged\Pneumo_Negative\20251028280-1.nii.gz,20251028280-1.nii.gz,ok,6.481260299682617,0.3788261413574219,-178.953125,-302.93359375,-710.7000122070312,189.70703125,-51.8828125,-245.70001220703125,
C:\Users\User1\pneumo_dataset\merged\Pneumo_Negative\20251028281-1.nii.gz,20251028281-1.nii.gz,ok,5.586696147918701,0.338897705078125,-185.01478576660156,-285.21203231811523,-61.34000015258789,206.96568298339844,-11.297969818115234,480.0290493965149,
C:\Users\User1\pneumo_dataset\merged\Pneumo_Negative\20251028283-1.nii.gz,20251028283-1.nii.gz,ok,2.3507471084594727,0.228515625,-173.73913818597794,-282.0084875188768,-1050.2728149294853,181.20427429676056,-53.98850502818823,-576.0009338259697,
C:\Users\User1\pneumo_dataset\merged\Pneumo_Negative\20251028284-1.nii.gz,20251028284-1.nii.gz,ok,2.7179598808288574,0.181640625,-188.31640625,-275.61640548706055,-1176.95703125,161.68359375,10.809375762939453,-670.4453926086426,
C:\Users\User1\pneumo_dataset\merged\Pneumo_Negative\20251028285-1.nii.gz,20251028285-1.nii.gz,ok,5.758946657180786,0.3092105263157895,-204.6271815299989,-220.00055754184723,-1020.6452468633651,215.61589509248734,-53.6737366467714,-466.24522721767426,
C:\Users\User1\pneumo_dataset\merged\Pneumo_Negative\20251028291-1.nii.gz,20251028291-1.nii.gz,ok,6.720478534698486,0.3725547790527344,-189.4005584716797,-297.62078857421875,-1118.199951171875,206.5154571533203,-40.23602294921875,-653.199951171875,
C:\Users\User1\pneumo_dataset\merged\Pneumo_Negative\20251028294-1.nii.gz,20251028294-1.nii.gz,ok,6.838793516159058,0.37477874755859375,-188.4187469482422,-288.41875076293945,-763.5989990234375,209.2375030517578,-36.85625076293945,-278.5989990234375,
C:\Users\User1\pneumo_dataset\merged\Pneumo_Negative\20251028301-1.nii.gz,20251028301-1.nii.gz,ok,2.351672410964966,0.171875,-192.77138113975525,-279.14225006103516,-1107.1618621945381,204.61345267295837,-79.14225006103516,-627.3009307980537,
C:\Users\User1\pneumo_dataset\merged\Pneumo_Negative\20251028303-1.nii.gz,20251028303-1.nii.gz,ok,7.157498359680176,0.359771728515625,-173.070556640625,-282.1840629577637,-848.6589965820312,216.741943359375,-24.629375457763672,-338.65899658203125,
C:\Users\User1\pneumo_dataset\merged\Pneumo_Negative\20251028305-1.nii.gz,20251028305-1.nii.gz,ok,7.6377480030059814,0.4147186279296875,-173.2762451171875,-283.0328140258789,-1215.9730224609375,223.7550048828125,-22.993751525878906,-665.9730224609375,
C:\Users\User1\pneumo_dataset\merged\Pneumo_Negative\20251028306-1.nii.gz,20251028306-1.nii.gz,ok,1.9807848930358887,0.581939697265625,-183.2102009356022,-246.7013521939516,-826.3767700195312,210.19906958937645,-83.91761003434658,-583.7110290527344,
C:\Users\User1\pneumo_dataset\merged\Pneumo_Negative\20251028310-1.nii.gz,20251028310-1.nii.gz,ok,6.829874277114868,0.4062461853027344,-176.59765625,-301.52734375,-1197.199951171875,229.3984375,-55.6875,-727.199951171875,
C:\Users\User1\pneumo_dataset\merged\Pneumo_Negative\20251028312-1.nii.gz,20251028312-1.nii.gz,ok,8.78870677947998,0.359283447265625,-223.479736328125,-306.1569519042969,-967.1500244140625,246.399169921875,17.241485595703125,-362.1500244140625,
C:\Users\User1\pneumo_dataset\merged\Pneumo_Negative\20251028316-1.nii.gz,20251028316-1.nii.gz,ok,7.449303388595581,0.3901329040527344,-207.10968017578125,-295.52465057373047,326.2999572753906,167.40399169921875,-38.87035369873047,846.2999572753906,
C:\Users\User1\pneumo_dataset\merged\Pneumo_Negative\20251028317-1.nii.gz,20251028317-1.nii.gz,ok,7.383302450180054,0.3138427734375,-200.712890625,-286.30490493774414,-1286.531982421875,201.5,-9.24240493774414,-756.531982421875,
C:\Users\User1\pneumo_dataset\merged\Pneumo_Negative\20251028318-1.nii.gz,20251028318-1.nii.gz,ok,7.4165358543396,0.4466094970703125,-188.6806182861328,-289.8765640258789,-49.606998443603516,175.8662567138672,-42.110939025878906,475.3930015563965,
C:\Users\User1\pneumo_dataset\merged\Pneumo_Negative\20251028320-1.nii.gz,20251028320-1.nii.gz,ok,7.5025482177734375,0.291015625,-166.44752502441406,-304.0835304260254,-763.0499877929688,207.55247497558594,-38.92337417602539,-248.04998779296875,
C:\Users\User1\pneumo_dataset\merged\Pneumo_Negative\20251028323-1.nii.gz,20251028323-1.nii.gz,ok,2.4139468669891357,0.21875,-186.11818039417267,-267.12079445272684,-1439.994738817215,208.79978090524673,-39.87904313951731,-925.8010132312775,
C:\Users\User1\pneumo_dataset\merged\Pneumo_Negative\20251028324-1.nii.gz,20251028324-1.nii.gz,ok,7.706353425979614,0.3635826110839844,-206.6766815185547,-278.9540481567383,-1135.4229736328125,250.2901153564453,24.77837371826172,-590.4229736328125,
C:\Users\User1\pneumo_dataset\merged\Pneumo_Negative\20251028326-1.nii.gz,20251028326-1.nii.gz,ok,2.259533405303955,0.28125,-176.4447911977768,-273.41568756103516,-979.9135070443153,186.24545633792877,-83.41568756103516,-475.30098873376846,
C:\Users\User1\pneumo_dataset\merged\Pneumo_Negative\20251028328-1.nii.gz,20251028328-1.nii.gz,ok,2.7170846462249756,0.13605442176870752,-183.34305537689943,-254.76953911595047,-152.36324326650086,185.52685476315673,-81.81471257470548,252.74479937675682,
C:\Users\User1\pneumo_dataset\merged\Pneumo_Negative\20251028331-1.nii.gz,20251028331-1.nii.gz,ok,8.216066598892212,0.373138427734375,-204.4468231201172,-297.06494140625,-1188.199951171875,213.5609893798828,-13.29541015625,-623.199951171875,
C:\Users\User1\pneumo_dataset\merged\Pneumo_Negative\20251028339-1.nii.gz,20251028339-1.nii.gz,ok,7.215954542160034,0.189453125,-176.5169219970703,-301.6393241882324,-1627.0,241.4830780029297,37.16926956176758,-1112.0,
C:\Users\User1\pneumo_dataset\merged\Pneumo_Negative\20251028341-1.nii.gz,20251028341-1.nii.gz,ok,7.166492938995361,0.336669921875,-174.75706481933594,-276.109375,-656.135009765625,168.72731018066406,-31.359375,-136.135009765625,
C:\Users\User1\pneumo_dataset\merged\Pneumo_Negative\20251028345-1.nii.gz,20251028345-1.nii.gz,ok,7.567042827606201,0.169921875,-185.2578125,-294.6875,-1538.7000122070312,194.7421875,20.7421875,-1018.7000122070312,
C:\Users\User1\pneumo_dataset\merged\Pneumo_Negative\20251028346-1.nii.gz,20251028346-1.nii.gz,ok,7.033168792724609,0.236328125,-165.31640625,-294.70703125,-1146.89990234375,184.68359375,-27.421875,-656.89990234375,
C:\Users\User1\pneumo_dataset\merged\Pneumo_Negative\20251028348-1.nii.gz,20251028348-1.nii.gz,ok,7.133356809616089,0.354827880859375,-191.3046875,-301.5390625,-1286.0,221.60546875,-5.875,-756.0,
C:\Users\User1\pneumo_dataset\merged\Pneumo_Negative\20251028353-1.nii.gz,20251028353-1.nii.gz,ok,7.209180593490601,0.364227294921875,-188.30331420898438,-290.6468734741211,-1169.8570556640625,215.64981079101562,-23.490623474121094,-649.8570556640625,
C:\Users\User1\pneumo_dataset\merged\Pneumo_Negative\20251028354-1.nii.gz,20251028354-1.nii.gz,ok,6.189565658569336,0.26691729323308266,-214.27680069208157,-249.41636201739314,-1338.9055166244507,203.58148792386055,-28.667123313993216,-779.6055192947389,
C:\Users\User1\pneumo_dataset\merged\Pneumo_Negative\20251028356-1.nii.gz,20251028356-1.nii.gz,ok,7.834251165390015,0.3203125,-182.783203125,-284.19219970703125,-1220.89794921875,184.216796875,-34.74688720703125,-705.89794921875,
C:\Users\User1\pneumo_dataset\merged\Pneumo_Negative\20251028357-1.nii.gz,20251028357-1.nii.gz,ok,8.300506830215454,0.17106643356643358,-234.78410917520534,-265.4985160827637,-953.9285459518431,223.7898204922676,64.50148391723638,-425.23627841472626,
C:\Users\User1\pneumo_dataset\merged\Pneumo_Negative\20251028361-1.nii.gz,20251028361-1.nii.gz,ok,9.633807897567749,0.5051948051948052,-193.01359558105466,-279.8581671118736,-1278.7615932822227,211.98640441894528,-12.81180834770197,-739.0616031289101,
C:\Users\User1\pneumo_dataset\merged\Pneumo_Negative\20251028364-1.nii.gz,20251028364-1.nii.gz,ok,8.482859134674072,0.333984375,-248.3427276611328,-286.38226318359375,-614.9639892578125,236.6572723388672,36.63531494140625,-14.9639892578125,
C:\Users\User1\pneumo_dataset\merged\Pneumo_Negative\20251028365-1.nii.gz,20251028365-1.nii.gz,ok,7.382834434509277,0.36580657958984375,-178.4510498046875,-280.728515625,-476.177001953125,154.6055908203125,-35.318359375,43.822998046875,
C:\Users\User1\pneumo_dataset\merged\Pneumo_Negative\20251028365-2.nii.gz,20251028365-2.nii.gz,ok,7.050177574157715,0.265625,-152.33689880371094,-275.7221875190735,-23.584999084472656,165.66310119628906,-42.190937519073486,451.41500091552734,
C:\Users\User1\pneumo_dataset\merged\Pneumo_Negative\20251028368-1.nii.gz,20251028368-1.nii.gz,ok,7.0000245571136475,0.3899192810058594,-174.54562377929688,-285.654296875,-9.090999603271484,174.45632934570312,-31.90234375,495.9090003967285,
C:\Users\User1\pneumo_dataset\merged\Pneumo_Negative\20251028369-1.nii.gz,20251028369-1.nii.gz,ok,3.616541862487793,0.06399999999999995,-180.6725381910802,-275.90130056627095,11.053170382976646,216.42125435173512,-67.19695307500658,503.4281750321388,
C:\Users\User1\pneumo_dataset\merged\Pneumo_Negative\20251028372-1.nii.gz,20251028372-1.nii.gz,ok,7.765450477600098,0.2990531921386719,-205.38719177246094,-284.5998764038086,-1230.39794921875,193.26319885253906,-1.8635482788085938,-670.39794921875,
C:\Users\User1\pneumo_dataset\merged\Pneumo_Negative\20251028374-1.nii.gz,20251028374-1.nii.gz,ok,8.500493288040161,0.3125,-240.10594177246094,-290.92893981933594,-1013.39501953125,227.89405822753906,30.821060180664062,-433.39501953125,
C:\Users\User1\pneumo_dataset\merged\Pneumo_Negative\20251028375-1.nii.gz,20251028375-1.nii.gz,ok,7.232459545135498,0.2841726618705036,-194.82108247280132,-236.59743361175063,-445.3335946202277,249.30183959007263,-48.41053009778261,139.1664155125618,
C:\Users\User1\pneumo_dataset\merged\Pneumo_Negative\20251028378-1.nii.gz,20251028378-1.nii.gz,ok,9.21785044670105,0.1328125,-184.87979125976562,-278.6589813232422,-881.5130004882812,216.12020874023438,69.08320617675781,-276.51300048828125,
C:\Users\User1\pneumo_dataset\merged\Pneumo_Negative\20251028379-1.nii.gz,20251028379-1.nii.gz,ok,7.453191041946411,0.4725189208984375,-216.33090209960938,-280.6617126464844,1.1779999732971191,220.08706665039062,-40.239837646484375,521.1779999732971,
C:\Users\User1\pneumo_dataset\merged\Pneumo_Negative\20251028380-1.nii.gz,20251028380-1.nii.gz,ok,7.963388681411743,0.3843994140625,-242.25149536132812,-287.4909973144531,-864.39501953125,203.62350463867188,9.759002685546875,-284.39501953125,
C:\Users\User1\pneumo_dataset\merged\Pneumo_Negative\20251028381-1.nii.gz,20251028381-1.nii.gz,ok,5.166536092758179,0.2637362637362637,-176.29778024554264,-260.90639143809676,-1267.9579747319221,194.18922356516123,-28.227649535983772,-758.3579834103585,
C:\Users\User1\pneumo_dataset\merged\Pneumo_Negative\20251028382-1.nii.gz,20251028382-1.nii.gz,ok,8.69939923286438,0.3654937744140625,-258.1875,-280.52655029296875,36.362998962402344,228.140625,45.64532470703125,611.3629989624023,
C:\Users\User1\pneumo_dataset\merged\Pneumo_Negative\20251028383-1.nii.gz,20251028383-1.nii.gz,ok,8.46657419204712,0.3588104248046875,-195.9457550048828,-283.6603088378906,-1086.7080078125,208.7554168701172,7.925628662109375,-481.7080078125,
C:\Users\User1\pneumo_dataset\merged\Pneumo_Negative\20251028384-1.nii.gz,20251028384-1.nii.gz,ok,7.150605201721191,0.43825531005859375,-192.1103973388672,-283.4730453491211,10.281999588012695,198.0185089111328,-40.244529724121094,515.2819995880127,
C:\Users\User1\pneumo_dataset\merged\Pneumo_Negative\20251028385-1.nii.gz,20251028385-1.nii.gz,ok,6.898252010345459,0.2703704833984375,-201.88731384277344,-280.3062515258789,-40.39099884033203,181.56581115722656,6.146873474121094,454.60900115966797,
C:\Users\User1\pneumo_dataset\merged\Pneumo_Negative\20251028386-1.nii.gz,20251028386-1.nii.gz,ok,5.283620119094849,0.45957183837890625,-170.21713256835938,-289.41703033447266,36.99700164794922,189.49185180664062,-45.413124084472656,456.9970016479492,
C:\Users\User1\pneumo_dataset\merged\Pneumo_Negative\20251028391-1.nii.gz,20251028391-1.nii.gz,ok,7.416524648666382,0.31640625,-180.29296875,-287.5445308685303,-402.00201416015625,181.70703125,-40.08359336853027,112.99798583984375,
C:\Users\User1\pneumo_dataset\merged\Pneumo_Negative\20251028392-1.nii.gz,20251028392-1.nii.gz,ok,8.901972532272339,0.2160797119140625,-234.0421905517578,-293.9929656982422,-1034.876953125,205.4109344482422,67.23750305175781,-424.876953125,
